year,strate,ltrate,infl,rGDP,BankingCrisis,CurrencyCrisis,SovDebtCrisis,gen_govdebt_GDP
1721.0,,,-8.873720169067383,,,,,
1722.0,,,3.932584285736084,,,,,
1723.0,,,3.2432432174682617,,,,,
1724.0,,,5.410122394561768,,,,,
1725.0,,,8.774833679199219,,,,,
1726.0,,,4.56620979309082,,,,,
1727.0,,,-3.4934496879577637,,,,,
1728.0,,,-4.8265461921691895,,,,,
1729.0,,,-0.3169572055339813,,,,,
1730.0,,,5.882352828979492,,,,,
1731.0,,,-11.11111068725586,,,,,
1732.0,,,-2.027027130126953,,,,,
1733.0,,,2.931034564971924,,,,,
1734.0,,,12.227806091308594,,,,,
1735.0,,,-1.0447760820388794,,,,,
1736.0,,,-5.58069372177124,,,,,
1737.0,,,10.702875137329102,,,,,
1738.0,,,0.14430010318756104,,,,,
1739.0,,,-14.121036529541016,,,,,
1740.0,,,,,,,,
1741.0,,,28.02013397216797,,,,,
1742.0,,,-8.650065422058105,,,,,
1743.0,,,-14.34720230102539,,,,,
1744.0,,,-4.355108737945557,,,,,
1745.0,,,-5.954465866088867,,,,,
1746.0,,,2.4208567142486572,,,,,
1747.0,,,19.272727966308594,,,,,
1748.0,,,13.262195587158203,,,,,
1749.0,,,2.4226109981536865,,,,,
1750.0,,,-2.890933036804199,,,,,
1751.0,,,-2.5710418224334717,,,,,
1752.0,,,5.0,,,,,
1753.0,,,3.439152956008911,,,,,
1754.0,,,-8.69565200805664,,,,,
1755.0,,,-0.28011199831962585,,,,,
1756.0,,,-2.3876404762268066,,,,,
1757.0,,,0.14388489723205566,,,,,
1758.0,,,6.178160667419434,,,,,
1759.0,,,16.102842330932617,,,,,
1760.0,,,-5.011654853820801,,,,,
1761.0,,,-4.907975673675537,,,,,
1762.0,,,7.612903118133545,,,,,
1763.0,,,0.11990410089492798,,,,,
1764.0,,,-7.544910430908203,,,,,
1765.0,,,-0.6476684212684631,,,,,
1766.0,,,6.518904685974121,,,,,
1767.0,,,,,,,,
1768.0,,,-1.2239902019500732,,,,,
1769.0,,,0.6195787191390991,,,,,
1770.0,,,-1.4778330326080322,,,,,
1771.0,,,6.125,,,,,
1772.0,,,15.665489196777344,,,,,
1773.0,,,-7.433808326721191,,,,,
1774.0,,,-7.260725975036621,,,,,
1775.0,,,-5.154894828796387,,,,,
1776.0,,,14.123333930969238,,,,,
1777.0,,,21.911848068237305,,,,,
1778.0,,,29.68353843688965,,,,,
1779.0,,,-11.440984725952148,,,,,
1780.0,,,12.240392684936523,,,,,
1781.0,,,-19.392438888549805,,,,,
1782.0,,,9.769543647766113,,,,,
1783.0,,,-12.325045585632324,,,,,
1784.0,,,-3.9064700603485107,,,,,
1785.0,,,-4.876380443572998,,,,,
1786.0,,,-2.568317174911499,,,,,
1787.0,,,-1.7503163814544678,,,,,
1788.0,,,-4.4644775390625,,,,,
1789.0,,,-0.9323747754096985,4283.45654296875,,,,
1790.0,,,3.764599084854126,4841.56201171875,,,,
1791.0,,,2.7319419384002686,5132.46337890625,,,,
1792.0,,,1.765769600868225,5510.7490234375,,,,
1793.0,,,3.480715036392212,5948.5869140625,,,,
1794.0,,,10.929292678833008,6720.0166015625,,,,
1795.0,,,14.387179374694824,7134.5947265625,,,,
1796.0,,,5.301703453063965,7349.91015625,,,,
1797.0,,,-3.772301197052002,7485.576171875,,,,
1798.0,,7.559999942779541,-3.268127918243408,7794.5078125,,,,
1799.0,,7.420000076293945,0.0,8331.3291015625,,,,
1800.0,,6.940000057220459,2.0222527980804443,8805.986328125,0.0,0.0,0.0,18.13264274597168
1801.0,,6.440000057220459,1.3294061422348022,9235.1328125,0.0,0.0,0.0,15.321603775024414
1802.0,,6.019999980926514,-15.68858528137207,9525.5693359375,0.0,0.0,0.0,15.761611938476562
1803.0,,6.159999847412109,5.423033714294434,9687.0556640625,0.0,0.0,0.0,17.751068115234375
1804.0,,6.289999961853027,4.4193034172058105,10063.2080078125,0.0,0.0,0.0,15.449597358703613
1805.0,,6.380000114440918,-0.711020827293396,10596.4287109375,0.0,0.0,0.0,12.8203763961792
1806.0,,6.139999866485596,4.262574672698975,11097.419921875,0.0,0.0,0.0,11.392005920410156
1807.0,,6.079999923706055,-5.445625305175781,11107.7392578125,0.0,0.0,0.0,11.586150169372559
1808.0,,5.960000038146973,8.630231857299805,11132.525390625,0.0,0.0,0.0,12.397809028625488
1809.0,,5.849999904632568,-1.982168436050415,11984.126953125,0.0,0.0,0.0,10.61652946472168
1810.0,,5.820000171661377,0.0,12648.1240234375,0.0,0.0,0.0,8.1830472946167
1811.0,,5.949999809265137,6.757085800170898,13223.1708984375,0.0,0.0,0.0,7.812738418579102
1812.0,,6.119999885559082,1.262837529182434,13750.677734375,0.0,0.0,0.0,9.857922554016113
1813.0,,6.300000190734863,19.998497009277344,14533.2265625,0.0,0.0,0.0,13.109939575195312
1814.0,,7.639999866485596,9.897953033447266,15141.29296875,1.0,1.0,0.0,14.274307250976562
1815.0,,7.300000190734863,-12.321977615356445,15263.04296875,0.0,0.0,0.0,15.71771240234375
1816.0,,7.25,-8.647911071777344,15262.154296875,0.0,0.0,0.0,14.493609428405762
1817.0,,5.860000133514404,-5.327169418334961,15616.7109375,0.0,0.0,0.0,12.243757247924805
1818.0,,5.78000020980835,-4.372323513031006,16183.849609375,0.0,0.0,0.0,11.733988761901855
1819.0,,5.900000095367432,0.0,16497.111328125,0.0,0.0,0.0,12.098825454711914
1820.0,,5.159999847412109,-7.8482208251953125,17156.5078125,0.0,0.0,0.0,13.749004364013672
1821.0,,4.570000171661377,-3.546462059020996,18050.802734375,0.0,0.0,0.0,15.446793556213379
1822.0,,4.650000095367432,3.6768605709075928,18788.04296875,0.0,0.0,0.0,12.93814754486084
1823.0,,4.71999979019165,-10.630861282348633,19404.2265625,0.0,0.0,0.0,12.94386100769043
1824.0,,4.25,-7.936659336090088,20568.46875,0.0,0.0,0.0,11.182527542114258
1825.0,,4.320000171661377,2.5800435543060303,21529.03515625,1.0,0.0,0.0,9.55766487121582
1826.0,,4.5,0.0,22276.779296875,0.0,0.0,0.0,8.388797760009766
1827.0,,4.369999885559082,0.8383838534355164,22943.4453125,0.0,0.0,0.0,7.791479587554932
1828.0,,4.480000019073486,-4.998497486114502,23276.22265625,0.0,0.0,0.0,6.646456718444824
1829.0,,4.5,-1.7503163814544678,24157.55859375,0.0,0.0,0.0,5.378632545471191
1830.0,,4.369999885559082,-0.8907490968704224,26362.990234375,0.0,0.0,0.0,4.202889442443848
1831.0,6.119999885559082,4.409999847412109,-6.3129401206970215,28574.46875,0.0,0.0,0.0,2.2719457149505615
1832.0,6.25,4.449999809265137,-0.9593157768249512,30503.841796875,0.0,0.0,0.0,0.6085047125816345
1833.0,7.829999923706055,4.579999923706055,-1.9372155666351318,31448.27734375,0.0,0.0,0.0,0.3675704896450043
1834.0,14.699999809265137,4.510000228881836,1.9754849672317505,31970.0078125,0.0,0.0,0.0,0.0028677103109657764
1835.0,7.0,4.429999828338623,2.9174933433532715,33715.7421875,0.0,0.0,0.0,0.0023422494996339083
1836.0,18.0,4.659999847412109,5.658237934112549,34685.0703125,0.0,0.0,0.0,0.017824465408921242
1837.0,14.25,4.769999980926514,2.6722471714019775,35034.72265625,1.0,0.0,0.0,0.18118950724601746
1838.0,9.039999961853027,4.510000228881836,-2.602696657180786,36480.30859375,0.0,0.0,0.0,0.5948871374130249
1839.0,12.579999923706055,4.739999771118164,0.0,37475.38671875,0.0,0.0,0.0,0.18537159264087677
1840.0,7.75,4.820000171661377,-7.147456645965576,37422.046875,0.0,0.0,0.0,0.304231733083725
1841.0,6.800000190734863,5.300000190734863,0.9593157768249512,38469.875,1.0,0.0,0.0,0.7812705636024475
1842.0,8.079999923706055,6.070000171661377,-6.662850379943848,39768.73046875,0.0,0.0,0.0,1.2124264240264893
1843.0,4.409999847412109,5.03000020980835,-9.186802864074707,41736.16015625,0.0,0.0,0.0,2.006014823913574
1844.0,4.869999885559082,4.849999904632568,1.1345218420028687,44328.859375,0.0,0.0,0.0,1.2963684797286987
1845.0,4.710000038146973,5.159999847412109,1.1084401607513428,47072.84375,0.0,0.0,0.0,0.8160384893417358
1846.0,8.329999923706055,5.5,1.0962884426116943,51000.7734375,0.0,0.0,0.0,0.7558614015579224
1847.0,9.59000015258789,5.769999980926514,7.603867053985596,54696.33203125,0.0,0.0,0.0,1.6666566133499146
1848.0,15.100000381469727,5.710000038146973,-4.043224811553955,56588.25390625,0.0,0.0,0.0,1.987070918083191
1849.0,10.25,5.159999847412109,-3.1507022380828857,57378.61328125,0.0,0.0,0.0,2.696547269821167
1850.0,8.039999961853027,4.579999923706055,2.1688005924224854,60055.0,0.0,0.0,0.0,2.506852388381958
1851.0,9.65999984741211,4.46999979019165,-2.1227622032165527,64806.30859375,0.0,0.0,0.0,2.5262768268585205
1852.0,6.329999923706055,4.389999866485596,1.0844002962112427,72121.1171875,0.0,0.0,0.0,2.2347986698150635
1853.0,10.25,4.019999980926514,0.0,77769.7265625,0.0,0.0,0.0,1.7470906972885132
1854.0,10.369999885559082,4.139999866485596,8.607987403869629,80358.3203125,0.0,0.0,0.0,1.0909863710403442
1855.0,8.920000076293945,4.179999828338623,2.9632275104522705,83516.40625,0.0,0.0,0.0,0.8816112875938416
1856.0,8.829999923706055,4.110000133514404,-1.9186315536499023,86478.015625,0.0,0.0,0.0,0.7637679576873779
1857.0,11.5600004196167,4.300000190734863,2.9342446327209473,86987.84375,1.0,0.0,0.0,0.666523814201355
1858.0,4.809999942779541,4.320000171661377,-5.712650299072266,90480.4296875,0.0,0.0,0.0,1.1066019535064697
1859.0,6.139999866485596,4.71999979019165,1.0077707767486572,96749.78125,0.0,0.0,0.0,1.367680549621582
1860.0,7.309999942779541,5.570000171661377,0.0,97152.6953125,0.0,0.0,0.0,1.4491273164749146
1861.0,6.699999809265137,6.449999809265137,6.010337829589844,99002.9609375,1.0,0.0,0.0,1.9437018632888794
1862.0,5.320000171661377,6.25,14.151264190673828,111313.4765625,0.0,1.0,0.0,9.535086631774902
1863.0,5.650000095367432,6.0,24.783946990966797,119837.1015625,0.0,0.0,0.0,15.288778305053711
1864.0,7.360000133514404,5.099999904632568,25.17115020751953,121095.8203125,0.0,0.0,0.0,19.10162925720215
1865.0,7.769999980926514,5.190000057220459,3.701348304748535,124345.453125,0.0,0.0,0.0,28.517736434936523
1866.0,6.329999923706055,5.170000076293945,-2.551208257675171,118429.890625,0.0,0.0,0.0,30.177051544189453
1867.0,7.320000171661377,4.96999979019165,-6.80302095413208,120833.015625,0.0,0.0,0.0,29.963468551635742
1868.0,7.28000020980835,4.619999885559082,-3.936795234680176,125488.6875,0.0,0.0,0.0,29.831674575805664
1869.0,9.65999984741211,4.070000171661377,-4.091100692749023,129765.3828125,0.0,0.0,0.0,29.693464279174805
1870.0,7.230000019073486,5.439000129699707,-4.265611171722412,133639.21875,0.0,0.0,0.0,29.95286750793457
1871.0,6.980000019073486,5.356666564941406,-6.369621753692627,139996.625,0.0,0.0,0.0,29.001792907714844
1872.0,8.630000114440918,5.561666488647461,0.0,151711.59375,0.0,0.0,0.0,23.670459747314453
1873.0,10.270000457763672,5.479166507720947,-2.0441536903381348,164653.171875,1.0,0.0,0.0,23.18454933166504
1874.0,5.980000019073486,5.103333473205566,-4.858096599578857,167648.125,0.0,0.0,0.0,25.042325973510742
1875.0,5.440000057220459,4.630000114440918,-3.6497631072998047,167349.25,0.0,0.0,0.0,25.52544403076172
1876.0,5.130000114440918,4.461666584014893,-2.2764523029327393,174276.984375,0.0,1.0,0.0,24.59982681274414
1877.0,5.010000228881836,4.3491668701171875,-2.3201639652252197,182948.515625,0.0,0.0,0.0,22.998254776000977
1878.0,4.820000171661377,4.230000019073486,-4.769627094268799,188827.296875,0.0,0.0,0.0,23.871070861816406
1879.0,5.139999866485596,4.0366668701171875,0.0,210835.9375,0.0,0.0,0.0,23.796409606933594
1880.0,5.230000019073486,3.7266666889190674,2.5042572021484375,228576.640625,0.0,0.0,0.0,17.54925537109375
1881.0,5.360000133514404,3.626666784286499,0.0,257494.875,0.0,0.0,0.0,17.097023010253906
1882.0,5.639999866485596,3.629166603088379,0.0,271506.625,0.0,0.0,0.0,13.84204387664795
1883.0,5.619999885559082,3.620833396911621,-1.6222026348114014,279364.71875,0.0,0.0,0.0,13.800856590270996
1884.0,5.210000038146973,3.5283334255218506,-2.4833614826202393,275068.875,1.0,0.0,0.0,13.324567794799805
1885.0,4.050000190734863,3.382499933242798,-1.6909443140029907,276293.6875,0.0,0.0,0.0,12.983691215515137
1886.0,4.769999980926514,3.507499933242798,-2.590405225753784,299211.3125,0.0,1.0,0.0,11.617152214050293
1887.0,5.730000019073486,3.6575000286102295,0.8828848004341125,321416.6875,0.0,0.0,0.0,10.614750862121582
1888.0,4.909999847412109,3.4683332443237305,0.0,340426.0625,0.0,0.0,0.0,10.16051197052002
1889.0,4.849999904632568,3.422499895095825,-2.625474452972412,350656.34375,0.0,0.0,0.0,8.607860565185547
1890.0,5.619999885559082,3.6033332347869873,-1.8083378076553345,384797.03125,1.0,0.0,0.0,7.751612663269043
1891.0,5.460000038146973,3.6016666889190674,0.0,389171.34375,0.0,1.0,0.0,6.479003429412842
1892.0,4.099999904632568,3.737499952316284,0.0,408907.875,0.0,0.0,0.0,6.191906452178955
1893.0,6.78000020980835,3.7041666507720947,-0.915306568145752,384837.875,0.0,0.0,0.0,6.338590621948242
1894.0,3.0399999618530273,3.4800000190734863,-4.62993860244751,366311.78125,0.0,0.0,0.0,7.481846809387207
1895.0,2.8299999237060547,3.5883333683013916,-1.9372155666351318,408191.09375,0.0,0.0,0.0,7.104241847991943
1896.0,5.820000171661377,3.4166667461395264,0.0,401184.53125,0.0,0.0,0.0,8.013350486755371
1897.0,3.5,3.3541667461395264,-0.9996429681777954,418353.03125,0.0,1.0,0.0,7.721914768218994
1898.0,3.8299999237060547,3.120833396911621,0.0,464124.625,0.0,0.0,0.0,7.452361106872559
1899.0,4.150000095367432,3.1458332538604736,0.0,495715.9375,0.0,0.0,0.0,7.778504848480225
1900.0,4.380000114440918,3.1041667461395264,1.0097367763519287,507779.53125,0.0,0.0,0.0,6.564803600311279
1901.0,4.0,3.1733334064483643,0.9877424836158752,534315.875,0.0,0.0,0.0,5.660175800323486
1902.0,5.150000095367432,3.2899999618530273,0.9780815243721008,561274.0,0.0,1.0,0.0,5.319734573364258
1903.0,3.7100000381469727,3.3916666507720947,2.9174933433532715,577087.625,0.0,0.0,0.0,4.789802074432373
1904.0,1.7799999713897705,3.4733333587646484,0.9411497712135315,556041.5625,0.0,0.0,0.0,4.8972487449646
1905.0,4.440000057220459,3.434166669845581,-0.9323747754096985,618246.5625,0.0,0.0,0.0,4.430451393127441
1906.0,6.539999961853027,3.6500000953674316,1.882299542427063,642860.625,0.0,0.0,0.0,3.8004374504089355
1907.0,7.010000228881836,3.8533332347869873,4.62993860244751,658691.125,1.0,0.0,0.0,3.724989175796509
1908.0,1.9199999570846558,3.7691667079925537,-1.765769600868225,586798.25,0.0,1.0,0.0,4.499733924865723
1909.0,2.7100000381469727,3.8975000381469727,-1.8083378076553345,628731.625,0.0,0.0,0.0,3.7566511631011963
1910.0,2.9800000190734863,3.9741666316986084,4.587560653686523,635501.3125,0.0,0.0,0.0,3.6371920108795166
1911.0,2.569999933242798,4.007500171661377,0.0,656091.1875,0.0,0.0,0.0,3.548687696456909
1912.0,3.5199999809265137,4.413333415985107,2.6360185146331787,686830.0,0.0,0.0,0.0,3.4201433658599854
1913.0,3.2200000286102295,4.184166431427002,1.7053626775741577,713942.5625,0.0,0.0,0.0,3.2573721408843994
1914.0,3.430000066757202,4.233333110809326,1.349073052406311,659279.5,0.0,1.0,0.0,3.475332498550415
1915.0,1.9199999570846558,4.065833568572998,0.9151409864425659,677253.625,0.0,0.0,0.0,3.3154051303863525
1916.0,2.619999885559082,4.215000152587891,7.666941165924072,771165.3125,0.0,0.0,0.0,2.7482101917266846
1917.0,3.430000066757202,4.541666507720947,17.840734481811523,752091.125,0.0,0.0,0.0,5.730813026428223
1918.0,5.28000020980835,4.505833148956299,17.283950805664062,819923.0625,0.0,0.0,0.0,18.68445587158203
1919.0,6.320000171661377,4.930833339691162,15.235457420349121,826502.0,0.0,0.0,0.0,33.36111831665039
1920.0,7.739999771118164,5.079999923706055,15.625,818778.0,0.0,1.0,0.0,27.97686004638672
1921.0,5.96999979019165,4.365833282470703,-10.935550689697266,800006.9375,0.0,0.0,0.0,32.50542068481445
1922.0,4.289999961853027,4.355000019073486,-6.1624650955200195,844431.0625,0.0,0.0,0.0,31.610185623168945
1923.0,4.860000133514404,4.085000038146973,1.7910449504852295,955620.8125,0.0,0.0,0.0,26.38549041748047
1924.0,3.0799999237060547,3.876666784286499,0.4398829936981201,985046.125,0.0,0.0,0.0,24.478679656982422
1925.0,4.179999828338623,3.694999933242798,2.4330899715423584,1008184.375,0.0,0.0,0.0,22.513532638549805
1926.0,4.5,3.368333339691162,0.9026129841804504,1074062.875,0.0,1.0,0.0,20.205175399780273
1927.0,4.059999942779541,3.3308334350585938,-1.9303200244903564,1084436.5,0.0,0.0,0.0,19.170419692993164
1928.0,6.039999961853027,3.577500104904175,-1.152184009552002,1096864.5,0.0,0.0,0.0,18.23019027709961
1929.0,7.610000133514404,3.315833330154419,0.0,1159144.5,0.0,0.0,0.0,16.367685317993164
1930.0,2.940000057220459,3.3358333110809326,-2.6712000370025635,1060562.25,1.0,0.0,0.0,17.771806716918945
1931.0,1.7400000095367432,3.6516666412353516,-8.932135581970215,992634.875,0.0,0.0,0.0,21.98820686340332
1932.0,2.049999952316284,3.3408334255218506,-10.301369667053223,864565.5625,0.0,0.0,0.0,33.22248840332031
1933.0,1.159999966621399,3.135833263397217,-5.192424774169922,853860.625,0.0,1.0,1.0,40.06001281738281
1934.0,1.0,2.817500114440918,3.4793810844421387,946214.625,0.0,0.0,0.0,41.09019470214844
1935.0,0.5600000023841858,2.6616666316986084,2.552927017211914,1030393.9375,0.0,0.0,0.0,39.25196838378906
1936.0,0.9100000262260437,2.677500009536743,1.0321799516677856,1163231.875,0.0,0.0,0.0,40.456504821777344
1937.0,1.0,2.569999933242798,3.725961923599243,1222789.875,0.0,0.0,0.0,39.73356628417969
1938.0,1.0,2.376666784286499,-2.0278100967407227,1182306.0,0.0,0.0,0.0,43.27193832397461
1939.0,1.0,2.2225000858306885,-1.3010050058364868,1277190.25,0.0,1.0,0.0,44.0656852722168
1940.0,1.0,1.8799999952316284,0.7189930081367493,1389786.125,0.0,0.0,0.0,42.52254104614258
1941.0,1.0,2.069999933242798,5.116002082824707,1635901.25,0.0,0.0,0.0,38.74141311645508
1942.0,1.0,2.109999895095825,10.922467231750488,1944883.25,0.0,0.0,0.0,44.873497009277344
1943.0,1.0,2.119999885559082,5.969388008117676,2276053.25,0.0,0.0,0.0,69.07137298583984
1944.0,1.0,2.0999999046325684,1.6369760036468506,2457063.5,0.0,0.0,0.0,91.71775817871094
1945.0,1.0,1.6699999570846558,2.273803949356079,2433026.0,0.0,0.0,0.0,116.2902603149414
1946.0,1.159999966621399,1.8200000524520874,8.47614574432373,2150611.5,0.0,0.0,0.0,121.5035400390625
1947.0,1.3799999952316284,2.180000066757202,14.389410972595215,2125990.25,0.0,1.0,0.0,105.9522933959961
1948.0,1.5499999523162842,2.119999885559082,7.689435958862305,2213575.75,0.0,0.0,0.0,93.82188415527344
1949.0,1.6299999952316284,1.7999999523162842,-0.970537006855011,2201216.5,0.0,0.0,0.0,94.66867065429688
1950.0,1.21833336353302,2.180000066757202,1.0850540399551392,2392542.0,0.0,0.0,0.0,87.6766586303711
1951.0,1.5525000095367432,2.509999990463257,7.860111236572266,2585021.5,0.0,0.0,0.0,75.3744888305664
1952.0,1.7675000429153442,2.5199999809265137,2.279294013977051,2690592.75,0.0,0.0,0.0,72.44695281982422
1953.0,1.940000057220459,2.852222204208374,0.816070020198822,2816722.75,0.0,0.0,0.0,70.22494506835938
1954.0,0.949999988079071,2.4016666412353516,0.3113330006599426,2800467.0,0.0,0.0,0.0,71.3704833984375
1955.0,1.746666669845581,2.816666603088379,-0.27932998538017273,3000274.0,0.0,0.0,0.0,66.26248168945312
1956.0,2.6591665744781494,3.182499885559082,1.5250539779663086,3064248.75,0.0,0.0,0.0,62.443031311035156
1957.0,3.2641665935516357,3.6475000381469727,3.341507911682129,3128769.5,0.0,0.0,0.0,58.78160095214844
1958.0,1.8383333683013916,3.315833330154419,2.7291600704193115,3105560.25,0.0,0.0,0.0,59.225502014160156
1959.0,3.4133334159851074,4.333333492279053,1.0106840133666992,3320828.25,0.0,0.0,0.0,56.269134521484375
1960.0,2.946666717529297,4.116666793823242,1.45797598361969,3406321.5,0.0,0.0,0.0,61.900489807128906
1961.0,2.37583327293396,3.882499933242798,1.0703622102737427,3493705.0,0.0,0.0,0.0,62.43072509765625
1962.0,2.7783334255218506,3.9460599422454834,1.176077127456665,3707855.5,0.0,0.0,0.0,60.336570739746094
1963.0,3.1566667556762695,4.001570224761963,1.2560598850250244,3869418.0,0.0,0.0,0.0,58.981746673583984
1964.0,3.552500009536743,4.187359809875488,1.3220891952514648,4092403.25,0.0,0.0,0.0,56.869380950927734
1965.0,3.948333263397217,4.283689975738525,1.5786930322647095,4358346.0,0.0,0.0,0.0,53.872005462646484
1966.0,4.881666660308838,4.925039768218994,2.9893746376037598,4645794.0,0.0,0.0,0.0,50.80289077758789
1967.0,4.331666469573975,5.072649955749512,2.784550189971924,4773212.0,0.0,0.0,0.0,50.59806442260742
1968.0,5.3466668128967285,5.644360065460205,4.244694232940674,5007792.5,0.0,0.0,0.0,48.634830474853516
1969.0,6.688333511352539,6.6727399826049805,5.4371256828308105,5164160.0,0.0,1.0,0.0,46.05979919433594
1970.0,6.436666488647461,7.354320049285889,5.8836894035339355,5173693.5,0.0,0.0,0.0,46.51276779174805
1971.0,4.340000152587891,6.160880088806152,4.226560592651367,5344049.0,0.0,0.0,0.0,47.14506912231445
1972.0,4.069166660308838,6.206039905548096,3.27295184135437,5624905.5,0.0,0.0,0.0,45.583072662353516
1973.0,7.026666641235352,6.848100185394287,6.258720397949219,5942469.0,0.0,0.0,0.0,42.736202239990234
1974.0,7.875,7.5624098777771,11.011067390441895,5910347.0,0.0,0.0,0.0,41.58531951904297
1975.0,5.824999809265137,7.9939398765563965,9.1416015625,5898194.5,0.0,0.0,0.0,44.75833511352539
1976.0,4.999166488647461,7.612720012664795,5.774887561798096,6215991.0,0.0,0.0,0.0,44.9234733581543
1977.0,5.264166831970215,7.417630195617676,6.469554901123047,6503430.5,0.0,0.0,0.0,43.73453140258789
1978.0,7.223333358764648,8.408390045166016,7.6299147605896,6863408.5,0.0,0.0,0.0,42.678558349609375
1979.0,10.042499542236328,9.432939529418945,11.253033638000488,7080704.0,0.0,0.0,0.0,41.38245391845703
1980.0,11.614999771118164,11.433440208435059,13.50172233581543,7062522.5,0.0,0.0,0.0,42.02515411376953
1981.0,14.077500343322754,13.921369552612305,10.378313064575195,7241748.0,0.0,0.0,0.0,41.21040725708008
1982.0,10.725000381469727,13.005499839782715,6.158357620239258,7111178.0,0.0,0.0,0.0,46.102359771728516
1983.0,8.619999885559082,11.102999687194824,3.1595304012298584,7437139.0,0.0,0.0,0.0,49.130184173583984
1984.0,9.573333740234375,12.458109855651855,4.368200778961182,7975325.0,1.0,0.0,0.0,50.794342041015625
1985.0,7.489166736602783,10.619799613952637,3.527902603149414,8307861.5,0.0,0.0,0.0,55.68055725097656
1986.0,5.972499847412109,7.672840118408203,1.9439281225204468,8595534.0,0.0,0.0,0.0,59.138755798339844
1987.0,5.825833320617676,8.392000198364258,3.578211545944214,8892478.0,0.0,0.0,0.0,60.8940544128418
1988.0,6.671666622161865,8.845789909362793,4.100043773651123,9263915.0,0.0,0.0,0.0,61.57339859008789
1989.0,8.114166259765625,8.491780281066895,4.7910943031311035,9604109.0,0.0,0.0,0.0,61.85518264770508
1990.0,7.510000228881836,8.551810264587402,5.419216156005859,9785238.0,1.0,0.0,0.0,63.441219329833984
1991.0,5.4091668128967285,7.851630210876465,4.215830326080322,9774639.0,0.0,0.0,0.0,68.20712280273438
1992.0,3.4600000381469727,6.9905900955200195,3.0416157245635986,10118951.0,0.0,0.0,0.0,70.6201171875
1993.0,3.0191667079925537,5.847430229187012,2.9696502685546875,10397404.0,0.0,0.0,0.0,72.238525390625
1994.0,4.269999980926514,7.0724101066589355,2.595604658126831,10816317.0,0.0,0.0,0.0,71.45220184326172
1995.0,5.513333320617676,6.571780204772949,2.805419683456421,11106675.0,0.0,0.0,0.0,71.0411376953125
1996.0,5.024166584014893,6.42956018447876,2.9366729259490967,11525704.0,0.0,0.0,0.0,70.2823257446289
1997.0,5.070000171661377,6.339109897613525,2.3375656604766846,12038267.0,0.0,0.0,0.0,67.81045532226562
1998.0,4.819166660308838,5.252309799194336,1.5470072031021118,12577959.0,0.0,0.0,0.0,64.5863265991211
1999.0,4.65749979019165,5.641940116882324,2.1931393146514893,13180245.0,0.0,0.0,0.0,60.867431640625
2000.0,5.839166641235352,6.029799938201904,3.3666832447052,13717681.0,0.0,0.0,0.0,54.86410140991211
2001.0,3.4516665935516357,5.0050201416015625,2.8166286945343018,13848759.0,0.0,0.0,0.0,53.485145568847656
2002.0,1.6124999523162842,4.593900203704834,1.5956696271896362,14084248.0,0.0,0.0,0.0,55.859493255615234
2003.0,1.0133333206176758,4.00275993347168,2.2979984283447266,14477989.0,0.0,0.0,0.0,58.95611572265625
2004.0,1.3733333349227905,4.259819984436035,2.667572498321533,15035069.0,0.0,0.0,0.0,66.43788146972656
2005.0,3.1516666412353516,4.284999847412109,3.3658299446105957,15558824.0,0.0,0.0,0.0,65.77720642089844
2006.0,4.7216668128967285,4.792049884796143,3.2220895290374756,15992064.0,0.0,0.0,0.0,64.53059387207031
2007.0,4.409999847412109,4.631919860839844,2.8705503940582275,16312523.0,1.0,0.0,0.0,64.94813537597656
2008.0,1.4600000381469727,3.6504099369049072,3.814953327178955,16331052.0,0.0,0.0,0.0,73.8443603515625
2009.0,0.1599999964237213,3.249809980392456,-0.3203575909137726,15910283.0,0.0,0.0,0.0,87.07132720947266
2010.0,0.1341666728258133,3.197540044784546,1.6365694999694824,16339096.0,0.0,0.0,0.0,95.65111541748047
2011.0,0.057500001043081284,2.7636499404907227,3.1396522521972656,16594706.0,0.0,0.0,0.0,100.02718353271484
2012.0,0.08749999850988388,1.787850022315979,2.073190927505493,16974578.0,0.0,0.0,0.0,103.6671371459961
2013.0,0.059166666120290756,2.3355400562286377,1.46597158908844,17334070.0,0.0,0.0,0.0,105.01478576660156
2014.0,0.03500000014901161,2.53016996383667,1.6154632568359375,17771550.0,0.0,0.0,0.0,104.94183349609375
2015.0,0.05249999836087227,2.1315701007843018,0.12113723158836365,18295020.0,0.0,0.0,0.0,105.44246673583984
2016.0,0.3174999952316284,1.832919955253601,1.2673605680465698,18627888.0,0.0,0.0,0.0,107.40542602539062
2017.0,0.9308333396911621,2.326590061187744,2.1314449310302734,19085692.0,0.0,0.0,0.0,106.40284729003906
2018.0,1.9391666650772095,2.9120700359344482,2.4389994144439697,19651870.0,0.0,,,107.65342712402344
2019.0,2.071666717529297,2.1393299102783203,1.8132586479187012,20159640.0,0.0,,,108.78468322753906
2020.0,0.3816666603088379,0.8828200101852417,1.2529373168945312,19740042.0,0.0,,,132.55149841308594
2021.0,0.043888889253139496,1.4377299547195435,4.681242942810059,20954454.0,0.0,,,125.04791259765625
2022.0,2.2274999618530273,2.9399099349975586,7.99082088470459,21483390.0,0.0,,,119.14546203613281
2023.0,5.177499771118164,3.9582300186157227,4.126962661743164,22113790.0,0.0,,,119.96279907226562
2024.0,5.050833225250244,4.208079814910889,2.9521095752716064,22731468.0,0.0,,,122.26966857910156
2025.0,4.171666622161865,4.32282018661499,2.7058122158050537,23210272.0,0.0,,,123.8863525390625
2026.0,3.6600000858306885,4.311666488647461,3.4833931922912598,23662888.0,,,,125.78128814697266
2027.0,3.6600000858306885,4.349999904632568,2.328005790710449,24088572.0,,,,128.57643127441406
2028.0,,,2.183654546737671,24594430.0,,,,132.13372802734375
2029.0,,,2.1879327297210693,25056952.0,,,,135.5270538330078
2030.0,,,2.1898281574249268,25496234.0,,,,138.89678955078125
2031.0,,,2.1841952800750732,25943692.0,,,,142.11326599121094
