date,gold,oil,silver,energy,nonenergy
1960-01-31,35.27,1.63000011444,0.9137,2.13444915445322,18.81589520307
1960-02-29,35.27,1.63000011444,0.9137,2.13444915445322,18.68146974844
1960-03-31,35.27,1.63000011444,0.9137,2.13444915445322,18.6723498476
1960-04-30,35.27,1.63000011444,0.9137,2.13444915445322,18.83136331509
1960-05-31,35.27,1.63000011444,0.9137,2.13444915445322,18.77482290923
1960-06-30,35.27,1.63000011444,0.9137,2.13444915445322,18.58247785437
1960-07-31,35.27,1.63000011444,0.9137,2.13444915445322,18.56063059421
1960-08-31,35.27,1.63000011444,0.9137,2.13444915445322,18.54019130659
1960-09-30,35.27,1.63000011444,0.9137,2.13444915445322,18.59175365162
1960-10-31,35.27,1.63000011444,0.9137,2.13444915445322,18.10793848481
1960-11-30,35.27,1.63000011444,0.9137,2.13444915445322,17.86110253292
1960-12-31,35.27,1.63000011444,0.9137,2.13444915445322,18.06609414348
1961-01-31,35.25,1.57,0.9137,2.08333169406974,18.07633336213
1961-02-28,35.25,1.57,0.9137,2.08333169406974,18.37992682151
1961-03-31,35.25,1.57,0.9137,2.08333169406974,18.74613960153
1961-04-30,35.25,1.57,0.9137,2.08333169406974,18.91958193669
1961-05-31,35.25,1.57,0.9137,2.08333169406974,18.92336602115
1961-06-30,35.25,1.57,0.9137,2.08333169406974,18.65211590621
1961-07-31,35.25,1.57,0.9137,2.08333169406974,18.53113930013
1961-08-31,35.25,1.57,0.9137,2.08333169406974,18.39194751007
1961-09-30,35.25,1.57,0.9137,2.08333169406974,18.23072629336
1961-10-31,35.25,1.57,0.9137,2.08333169406974,18.20092173587
1961-11-30,35.25,1.57,0.9231,2.08333169406974,18.34843183053
1961-12-31,35.25,1.57,1.0332,2.08333169406974,18.35951030959
1962-01-31,35.23,1.52,1.0428,2.04291400240146,18.17494931184
1962-02-28,35.23,1.52,1.0247,2.04291400240146,18.23021962956
1962-03-31,35.23,1.52,1.015,2.04291400240146,18.19696303895
1962-04-30,35.23,1.52,1.015,2.04291400240146,18.21640618324
1962-05-31,35.23,1.52,1.015,2.04291400240146,18.34697540176
1962-06-30,35.23,1.52,1.0227,2.04291400240146,18.27129791603
1962-07-31,35.23,1.52,1.0355,2.04291400240146,18.21705904803
1962-08-31,35.23,1.52,1.083,2.04291400240146,18.1269961959
1962-09-30,35.23,1.52,1.1546,2.04291400240146,18.21928417329
1962-10-31,35.23,1.52,1.206,2.04291400240146,18.06348116652
1962-11-30,35.23,1.52,1.1917,2.04291400240146,18.38464520556
1962-12-31,35.23,1.52,1.1987,2.04291400240146,18.36153019731
1963-01-31,35.09,1.5,1.2438,2.01464105072438,18.60798869207
1963-02-28,35.09,1.5,1.2564,2.01464105072438,18.77485021498
1963-03-31,35.09,1.5,1.2714,2.01464105072438,18.8150217991
1963-04-30,35.09,1.5,1.2729,2.01464105072438,19.04481550446
1963-05-31,35.09,1.5,1.2787,2.01464105072438,19.53990760793
1963-06-30,35.09,1.5,1.2768,2.01464105072438,19.49353935132
1963-07-31,35.09,1.5,1.2899,2.01464105072438,19.36054925927
1963-08-31,35.09,1.5,1.2878,2.01464105072438,18.96495208679
1963-09-30,35.09,1.5,1.2926,2.01464105072438,19.04165183294
1963-10-31,35.09,1.5,1.293,2.01464105072438,19.75774662434
1963-11-30,35.09,1.5,1.293,2.01464105072438,19.77535593181
1963-12-31,35.09,1.5,1.293,2.01464105072438,19.70844492271
1964-01-31,35.1,1.45,1.293,1.94437457589987,20.05919803548
1964-02-29,35.1,1.45,1.293,1.94437457589987,19.80856707153
1964-03-31,35.1,1.45,1.293,1.94437457589987,19.82793409471
1964-04-30,35.1,1.45,1.293,1.94437457589987,20.09298363769
1964-05-31,35.1,1.45,1.293,1.94437457589987,19.96039319096
1964-06-30,35.1,1.45,1.293,1.94437457589987,19.68527229388
1964-07-31,35.1,1.45,1.293,1.94437457589987,19.70612894899
1964-08-31,35.1,1.45,1.293,1.94437457589987,19.79954350605
1964-09-30,35.1,1.45,1.293,1.94437457589987,20.19867126594
1964-10-31,35.1,1.45,1.293,1.94437457589987,20.58426291998
1964-11-30,35.1,1.45,1.293,1.94437457589987,20.63134490532
1964-12-31,35.1,1.45,1.293,1.94437457589987,20.50554385993
1965-01-31,35.12,1.42,1.293,1.93898601535253,19.86065439936
1965-02-28,35.12,1.42,1.293,1.93898601535253,20.47333670327
1965-03-31,35.12,1.42,1.293,1.93898601535253,20.44902338163
1965-04-30,35.12,1.42,1.293,1.93898601535253,20.66939327808
1965-05-31,35.12,1.42,1.293,1.93898601535253,20.78541040319
1965-06-30,35.12,1.42,1.293,1.93898601535253,20.39521704464
1965-07-31,35.12,1.42,1.293,1.93898601535253,20.03011532335
1965-08-31,35.12,1.42,1.293,1.93898601535253,19.91936399737
1965-09-30,35.12,1.42,1.293,1.93898601535253,20.27507935748
1965-10-31,35.12,1.42,1.293,1.93898601535253,20.41217453298
1965-11-30,35.12,1.42,1.293,1.93898601535253,20.502634275
1965-12-31,35.12,1.42,1.293,1.93898601535253,20.69382509316
1966-01-31,35.13,1.36,1.293,1.88204058774968,21.29295133999
1966-02-28,35.13,1.36,1.293,1.88204058774968,21.55139020333
1966-03-31,35.13,1.36,1.293,1.88204058774968,21.59791674593
1966-04-30,35.13,1.36,1.293,1.88204058774968,21.76500213259
1966-05-31,35.13,1.36,1.293,1.88204058774968,21.30938917728
1966-06-30,35.13,1.36,1.293,1.88204058774968,21.47387786364
1966-07-31,35.13,1.36,1.293,1.88204058774968,21.56317570866
1966-08-31,35.13,1.36,1.293,1.88204058774968,21.14938249591
1966-09-30,35.13,1.36,1.293,1.88204058774968,20.62060302142
1966-10-31,35.13,1.36,1.293,1.88204058774968,20.63444969866
1966-11-30,35.13,1.36,1.293,1.88204058774968,20.60231346994
1966-12-31,35.13,1.36,1.293,1.88204058774968,20.51846746292
1967-01-31,34.95,1.33,1.293,1.86618435986511,20.43267121162
1967-02-28,34.95,1.33,1.293,1.86618435986511,20.39389380629
1967-03-31,34.95,1.33,1.293,1.86618435986511,20.2560961052
1967-04-30,34.95,1.33,1.293,1.86618435986511,20.13340300372
1967-05-31,34.95,1.33,1.2959,1.86618435986511,20.25791204893
1967-06-30,34.95,1.33,1.301,1.86618435986511,20.44364932108
1967-07-31,34.95,1.33,1.5929,1.86618435986511,20.25678677225
1967-08-31,34.95,1.33,1.7498,1.86618435986511,20.14499305352
1967-09-30,34.95,1.33,1.6795,1.86618435986511,20.30774647092
1967-10-31,34.95,1.33,1.7859,1.86618435986511,20.45854881181
1967-11-30,34.95,1.33,1.9532,1.86618435986511,20.97446258551
1967-12-31,34.95,1.33,2.06,1.86618435986511,20.47887914672
1968-01-31,35.5,1.32,1.9899,1.85300340098579,20.42500344417
1968-02-29,36.0,1.32,1.8547,1.85300340098579,21.06413615755
1968-03-31,37.0,1.32,2.1805,1.85300340098579,21.03016293663
1968-04-30,37.86,1.32,2.2028,1.85300340098579,20.13480845418
1968-05-31,40.7,1.32,2.3768,1.85300340098579,19.89165352367
1968-06-30,41.14,1.32,2.4641,1.85300340098579,19.70833443306
1968-07-31,39.46,1.32,2.3138,1.85300340098579,19.49456522247
1968-08-31,39.19,1.32,2.1946,1.85300340098579,19.20696326745
1968-09-30,40.18,1.32,2.2085,1.85300340098579,19.44783641436
1968-10-31,39.21,1.32,1.9728,1.85300340098579,19.40539782512
1968-11-30,39.78,1.32,2.0178,1.85300340098579,19.66029033334
1968-12-31,41.08,1.32,1.9593,1.85300340098579,19.96595670312
1969-01-31,42.3,1.27,1.9789,1.81259494779253,20.16327338305
1969-02-28,42.6,1.27,1.8397,1.81259494779253,20.29272738328
1969-03-31,43.16,1.27,1.8257,1.81259494779253,20.5597123278
1969-04-30,43.31,1.27,1.7781,1.81259494779253,20.73003630355
1969-05-31,43.46,1.27,1.761,1.81259494779253,20.87974640834
1969-06-30,41.44,1.27,1.6455,1.81259494779253,21.19974970766
1969-07-31,41.76,1.27,1.6183,1.81259494779253,21.0401146218
1969-08-31,41.09,1.27,1.6526,1.81259494779253,21.26025977967
1969-09-30,40.87,1.27,1.7855,1.81259494779253,21.13902460093
1969-10-31,40.44,1.27,1.8725,1.81259494779253,21.48165817997
1969-11-30,37.4,1.27,1.9231,1.81259494779253,21.67164367381
1969-12-31,35.17,1.27,1.8071,1.81259494779253,21.93184724413
1970-01-31,34.94,1.21,1.8765,2.11311453784639,22.13702304534
1970-02-28,34.99,1.21,1.8958,2.11311453784639,22.21379776031
1970-03-31,35.09,1.21,1.8885,2.11311453784639,22.40639517817
1970-04-30,35.62,1.21,1.8529,2.11311453784639,22.52931076695
1970-05-31,35.95,1.21,1.67,2.11311453784639,22.45914785738
1970-06-30,35.42,1.21,1.6394,2.11311453784639,22.27040809499
1970-07-31,35.32,1.21,1.6866,2.11311453784639,22.06390270618
1970-08-31,35.38,1.21,1.7977,2.11311453784639,21.75928729744
1970-09-30,36.19,1.21,1.8016,2.11311453784639,21.67251421304
1970-10-31,37.52,1.21,1.7458,2.11311453784639,21.75106938362
1970-11-30,37.44,1.21,1.7604,2.11311453784639,21.78927089307
1970-12-31,37.44,1.21,1.6348,2.11311453784639,21.66486652559
1971-01-31,37.88,1.64,1.6396,2.6558711591823,21.56480440221
1971-02-28,38.74,1.64,1.6003,2.6558711591823,21.41814447652
1971-03-31,38.87,1.64,1.669,2.6558711591823,21.60103414296
1971-04-30,39.01,1.64,1.726,2.6558711591823,21.76781040408
1971-05-31,40.52,1.64,1.6667,2.6558711591823,21.50393139246
1971-06-30,40.1,1.64,1.6081,2.6558711591823,21.41551441835
1971-07-31,40.95,1.74,1.5808,2.76286762185703,21.73288741893
1971-08-31,42.71,1.74,1.5866,2.76286762185703,21.8604139059
1971-09-30,42.03,1.74,1.4214,2.76286762185703,21.53515883197
1971-10-31,42.5,1.74,1.3358,2.76286762185703,21.5030169171
1971-11-30,42.86,1.74,1.3199,2.76286762185703,21.36509405049
1971-12-31,43.48,1.74,1.3935,2.76286762185703,21.64232793635
1972-01-31,45.75,1.77,1.4731,2.87178674063629,22.11595749766
1972-02-29,48.26,1.77,1.5036,2.87178674063629,22.18163335922
1972-03-31,48.33,1.77,1.5364,2.87178674063629,22.58753329657
1972-04-30,49.03,1.77,1.572,2.87178674063629,22.61895733908
1972-05-31,54.62,1.77,1.583,2.87178674063629,22.2534052285
1972-06-30,62.09,1.77,1.569,2.87178674063629,21.87459264111
1972-07-31,65.66,1.87,1.7358,2.97878320331102,21.71837761559
1972-08-31,67.03,1.87,1.8461,2.97878320331102,22.00305526123
1972-09-30,65.46,1.87,1.7767,2.97878320331102,22.49225258394
1972-10-31,64.86,1.87,1.8106,2.97878320331102,22.51947194477
1972-11-30,62.91,1.87,1.8325,2.97878320331102,23.16479621781
1972-12-31,63.91,1.87,1.976,2.97878320331102,24.99443654686
1973-01-31,65.14,2.08,2.0166,3.39561059763125,27.06524677437
1973-02-28,74.2,2.08,2.2362,3.39561059763125,29.16970939597
1973-03-31,84.37,2.08,2.3092,3.39561059763125,30.20432820037
1973-04-30,90.5,2.35,2.2072,3.68450104685302,30.52087158542
1973-05-31,101.96,2.35,2.4012,3.68450104685302,33.23648576427
1973-06-30,120.12,2.35,2.6209,3.68450104685302,37.10736010727
1973-07-31,120.17,2.7,2.7056,4.05898866621457,40.14717661649
1973-08-31,106.76,2.7,2.6365,4.05898866621457,40.16861595064
1973-09-30,102.97,2.7,2.6751,4.05898866621457,37.01671740169
1973-10-31,100.08,4.1,2.8856,5.55693914366076,37.10931556242
1973-11-30,94.92,4.1,2.8599,5.55693914366076,38.88333720994
1973-12-31,106.72,4.1,3.1367,5.55693914366076,41.42322683688
1974-01-31,129.19,13.0,3.63695,15.9696412226623,44.47762433886
1974-02-28,150.13,13.0,5.35895,15.9696412226623,47.49645896206
1974-03-31,168.42,13.0,5.32552,15.9696412226623,47.669665428
1974-04-30,172.24,10.59999847412,5.03595,13.4017244858324,47.15697277974
1974-05-31,163.27,10.59999847412,5.43182,13.4017244858324,46.70008758468
1974-06-30,154.1,10.59999847412,4.8961,13.4017244858324,45.53493467645
1974-07-31,142.98,10.0,4.41545,12.7597473424204,45.86900886289
1974-08-31,154.64,10.0,4.43136,12.7597473424204,48.44704380659
1974-09-30,151.75,10.0,4.04875,12.7597473424204,47.38337129047
1974-10-31,158.78,10.29999923706,4.82977,13.0807359141263,49.82623244626
1974-11-30,181.66,10.29999923706,4.69389,13.0807359141263,50.42679514473
1974-12-31,183.78,10.29999923706,4.39125,13.0807359141263,47.65681457492
1975-01-31,176.27,10.42000007629,4.1925,13.8359826225372,43.90866371535
1975-02-28,179.6,10.42000007629,4.37,13.8359826225372,41.39725492042
1975-03-31,178.16,10.42000007629,4.3315,13.8359826225372,40.14289243608
1975-04-30,169.84,10.42000007629,4.20918,13.8359826225372,39.72528477768
1975-05-31,167.39,10.42000007629,4.5381,13.8359826225372,37.35591427289
1975-06-30,164.24,10.42000007629,4.48914,13.8359826225372,36.21801808534
1975-07-31,165.17,10.43000030518,4.70455,13.8466825137002,37.4518549784
1975-08-31,163.0,10.43000030518,4.9251,13.8466825137002,39.77087259856
1975-09-30,144.17,10.43000030518,4.51595,13.8466825137002,38.46450501363
1975-10-31,142.79,10.46000003815,4.32886,13.8787811667912,37.42391647304
1975-11-30,142.42,10.46000003815,4.33244,13.8787811667912,35.86185700902
1975-12-31,139.3,10.46000003815,4.08486,13.8787811667912,35.65757870162
1976-01-31,131.05,11.51000022888,4.06265,15.188340268839,36.21919635713
1976-02-29,131.06,11.51000022888,4.08642,15.188340268839,36.79705834075
1976-03-31,132.76,11.51000022888,4.18913,15.188340268839,37.25933804477
1976-04-30,127.94,11.51000022888,4.35552,15.2014208085081,38.29974966714
1976-05-31,126.92,11.51000022888,4.48845,15.2014208085081,39.46309555233
1976-06-30,125.71,11.51000022888,4.81173,15.2406624275154,41.23230040844
1976-07-31,117.73,11.60000038147,4.7606,15.3369594071863,42.17617885333
1976-08-31,109.93,11.60000038147,4.2766,15.3631204865245,41.49886317401
1976-09-30,114.15,11.60000038147,4.3035,15.3631204865245,42.21064162544
1976-10-31,116.15,11.89999961853,4.2195,15.7102701375687,41.81398573885
1976-11-30,130.46,11.89999961853,4.3533,15.7233506772378,42.25865055048
1976-12-31,133.93,11.89999961853,4.3601,15.7364312169068,43.44385471918
1977-01-31,132.26,12.5,4.4192,16.62045130189,46.43598155799
1977-02-28,136.24,12.5,4.5325,16.67277346056,48.45927046149
1977-03-31,148.23,12.5,4.8653,16.72509561924,51.84642603299
1977-04-30,149.17,12.44999980927,4.79,16.69815788307,52.76781322581
1977-05-31,146.61,12.44999980927,4.6998,16.69805330357,50.72944715207
1977-06-30,140.78,12.44999980927,4.4815,16.76345600191,48.30667555734
1977-07-31,143.39,12.63000011444,4.5323,16.96769187232,45.10531573838
1977-08-31,144.94,12.63000011444,4.4732,16.95461133265,43.46485265623
1977-09-30,149.53,12.63000011444,4.538,16.96769187232,42.94129307646
1977-10-31,158.95,12.68000030518,4.7586,17.0338712275,42.48475760421
1977-11-30,162.1,12.68000030518,4.8258,17.02079068783,43.61033311198
1977-12-31,160.45,12.68000030518,4.7168,17.0338712275,44.64594901726
1978-01-31,173.18,12.65999984741,4.9238,17.29460800762,44.9952334535
1978-02-28,178.14,12.65999984741,4.9607,17.26962160973,45.38521266509
1978-03-31,183.61,12.65999984741,5.2731,17.2827021494,47.06933886385
1978-04-30,175.28,12.68000030518,5.1672,17.29086154104,48.1282978807
1978-05-31,176.31,12.69999980927,5.1337,17.42405097513,47.29802534656
1978-06-30,183.75,12.72999954224,5.3288,17.52861875588,46.72377287037
1978-07-31,188.73,12.77000045776,5.3613,17.54493753917,45.45682186129
1978-08-31,206.3,12.78999996185,5.5361,17.59233753705,45.93834193931
1978-09-30,212.08,12.80000019073,5.5884,17.61603804237,47.96175895606
1978-10-31,227.44,12.85000038147,5.9447,17.66913685789,49.29111702323
1978-11-30,206.2,13.19999980927,5.8724,18.0539070806,48.80151960659
1978-12-31,207.85,14.5,5.935,19.47371283909,48.6062069464
1979-01-31,227.28,17.4500002861,6.2027,24.81607685883,48.82550442864
1979-02-28,245.67,20.75,7.3494,28.0943330581,50.92066910137
1979-03-31,242.05,22.02499961853,7.4159,29.48720108041,52.14497269632
1979-04-30,239.11,22.42500019073,7.4371,29.92507011864,52.94591378782
1979-05-31,257.59,33.5,8.376,39.6413402409,53.19434511997
1979-06-30,279.07,34.67499923706,8.5596,43.64989729214,56.22829743553
1979-07-31,294.74,33.5,9.0545,42.09618052238,56.50430262282
1979-08-31,300.82,34.0,9.3067,42.99721933509,56.06877703996
1979-09-30,354.95,35.5,13.7593,43.79369852947,57.16001398692
1979-10-31,391.66,37.25,16.6331,46.02220266615,57.343713063
1979-11-30,391.99,40.75,16.6502,49.75218611292,57.7662781746
1979-12-31,455.08,39.75,22.4504,48.1853888035,58.97186004838
1980-01-31,675.31,39.0,38.8756,48.37098405505,60.4820549857
1980-02-29,665.32,37.25,35.2435,46.84342836464,62.81043006492
1980-03-31,553.58,37.0,24.73,46.63025745852,59.90107568373
1980-04-30,517.41,36.57500076294,14.9487,46.92689030428,58.52939913115
1980-05-31,513.8,37.04999923706,12.6761,47.39221813757,59.45025687995
1980-06-30,600.72,37.0,15.7834,46.90254901233,58.4821139453
1980-07-31,643.27,35.375,16.322,46.35693105496,59.41002003369
1980-08-31,627.15,32.94999885559,15.9418,42.48614593983,60.07194423398
1980-09-30,673.63,32.82500076294,19.8868,42.35656991378,60.975414782
1980-10-31,661.15,37.35000038147,20.2004,47.16160615939,61.03479364333
1980-11-30,624.77,40.29999923706,18.5823,50.37723626797,60.99780251742
1980-12-31,538.26,39.75,16.4618,49.60769784809,57.86825929822
1981-01-31,557.39,39.77499961853,14.7885,50.02520856395,58.05273288859
1981-02-28,499.76,37.89999961853,13.0646,48.37837672839,56.74394460693
1981-03-31,499.11,37.59999847412,12.3407,48.07208670536,56.31243811939
1981-04-30,495.8,36.36999893188,11.4736,47.47390294625,54.57568209691
1981-05-31,479.7,34.28499984741,10.8502,45.37611950725,53.55659813299
1981-06-30,461.09,32.70999908447,9.9981,43.31589478285,52.20826522194
1981-07-31,409.07,33.51000022888,8.5812,45.31654926836,51.74471011649
1981-08-31,410.16,33.984998703,8.9159,46.1154870112,51.08543761404
1981-09-30,443.75,33.98500061035,10.0502,46.3107878459,49.81956633556
1981-10-31,437.76,34.61000061035,9.2282,47.0190731225,49.06199625759
1981-11-30,413.37,35.68000030518,8.5389,47.68733708492,48.57358228789
1981-12-31,410.09,35.40999984741,8.4481,47.25439122027,48.11629954665
1982-01-31,384.14,35.04999949137,7.9881,46.32613218524,48.46197403034
1982-02-28,374.13,32.27333348592,8.2848,41.92555581831,48.12376575357
1982-03-31,330.25,30.16666653951,7.2327,39.52718117391,46.85674982279
1982-04-30,350.3,31.56666603088,7.3087,43.64931757821,46.45066837342
1982-05-31,333.71,33.04333292643,6.6834,45.90238458885,46.24700324677
1982-06-30,314.98,32.76666666667,5.5616,45.286438734,44.04925502276
1982-07-31,338.97,32.91666717529,6.4626,44.35682721074,43.52299618762
1982-08-31,364.23,32.41666641235,7.1078,43.5326315978,42.68239058946
1982-09-30,437.31,33.46666641235,8.7818,45.05863600009,42.43367269595
1982-10-31,422.15,33.78333384196,9.3875,45.90743735314,41.49473913893
1982-11-30,414.89,32.84999974569,9.7906,44.65923091125,42.22271579771
1982-12-31,444.5,31.46666679382,10.5691,42.00640416036,42.70793239662
1983-01-31,481.29,30.65333302816,12.339,40.74355256914,43.2757207637
1983-02-28,491.09,29.1133333842,13.9756,38.88510111559,44.55422516859
1983-03-31,419.7,28.32000033061,10.6403,37.82468217009,45.48147313834
1983-04-30,432.88,29.6933333079,11.6129,39.40533566324,47.15890014344
1983-05-31,438.01,29.35999997457,12.9162,39.24604022948,48.55739714756
1983-06-30,412.84,29.96666717529,11.739,39.9617072281,48.33071409764
1983-07-31,402.91,30.46666653951,12.0293,40.11907379617,49.15653317814
1983-08-31,416.2,30.65333302816,12.0626,40.51614992727,52.55967846946
1983-09-30,411.8,30.07000033061,11.9562,39.83739558991,53.12262884257
1983-10-31,393.6,29.61666679382,9.8867,39.1886846033,52.8507590107
1983-11-30,381.7,29.16666666667,8.8122,38.39514698952,52.11719988855
1983-12-31,388.34,28.81333351135,9.1454,38.01331733462,52.30290882957
1984-01-31,370.89,29.04333305359,8.2538,38.5686102385,53.11542758031
1984-02-29,385.96,29.203332901,9.1182,38.96076319602,52.4269782366
1984-03-31,394.26,29.53333346049,9.648,39.1208362994,53.45917663928
1984-04-30,381.37,29.57333246867,9.2472,39.13469248313,53.47172145044
1984-05-31,377.4,29.46000035604,8.9676,38.92968096866,54.08546593055
1984-06-30,377.7,29.05000050863,8.7721,38.34319515773,51.96485863806
1984-07-31,347.71,27.98666699727,7.4553,36.94708889179,48.40236074448
1984-08-31,347.7,28.17000007629,7.5974,37.17256469352,47.74564556271
1984-09-30,340.2,28.35333315531,7.2533,37.34649398063,47.01245840553
1984-10-31,341.0,27.85333315531,7.2903,36.77548856242,46.229614571
1984-11-30,342.0,27.65000025431,7.4896,36.67957268641,46.08049280392
1984-12-31,319.54,26.81333351135,6.6355,35.90968997924,44.77881498455
1985-01-31,302.79,26.63333333333,6.0992,35.91250507691,44.63402186815
1985-02-28,299.1,27.6,6.0628,37.33153417856,44.6127432479
1985-03-31,313.5,27.85,5.994,37.10761209562,44.67087585667
1985-04-30,326.8,27.8,6.4446,36.92137872313,45.12000412159
1985-05-31,316.0,26.65,6.2688,35.4500274628,44.15137659317
1985-06-30,316.5,26.36666666667,6.1771,35.30303570931,42.79026268737
1985-07-31,317.2,26.38333333333,5.9997,35.3707677705,41.77745777346
1985-08-31,330.4,27.01666666667,6.1511,35.90253035437,41.0440227065
1985-09-30,323.35,26.98333333333,6.0549,35.83712765603,40.14240565949
1985-10-31,325.85,27.81666666667,6.1766,36.56820415206,39.94574851942
1985-11-30,321.5,28.6,6.1018,37.77639171044,40.59509454282
1985-12-31,321.9,26.5,5.8522,34.27343616373,42.56541793055
1986-01-31,347.48,24.68333333333,6.0164,34.08477382035,43.66785387649
1986-02-28,338.89,15.91666666667,5.8588,25.35044021579,42.88723455553
1986-03-31,345.7,12.65,5.6226,21.14915513677,43.36465572291
1986-04-30,340.44,11.9,5.188,19.63700934888,42.65488981409
1986-05-31,342.4,13.71666666667,5.0728,21.2592346341,41.71265256312
1986-06-30,342.7,11.85,5.1321,18.61971388869,40.34991749424
1986-07-31,348.34,9.61666666667,5.0259,16.00557776833,39.17859164217
1986-08-31,376.66,13.7,5.1823,20.42661963785,38.97364802637
1986-09-30,417.73,14.08333333333,5.6299,21.02378492006,40.09640999599
1986-10-31,423.51,13.95,5.6398,20.53359331805,39.86448138894
1986-11-30,397.56,14.45,5.5513,21.3823946711,39.73917154262
1986-12-31,390.92,15.68333333333,5.3504,22.73238551962,39.48031938515
1987-01-31,408.26,18.06666666667,5.507,24.76361034276,40.32658260107
1987-02-28,401.12,17.25,5.4842,23.582360318,40.95800139499
1987-03-31,408.91,17.75,5.6644,24.21954367351,41.20470727868
1987-04-30,438.35,17.9,7.3495,24.16784248159,42.05824265255
1987-05-31,460.23,18.4,8.4602,24.80580229137,43.47443148118
1987-06-30,449.59,18.71666666667,7.4164,24.91199951729,43.39045737569
1987-07-31,450.52,19.61666666667,7.6087,26.03984044571,43.91502801901
1987-08-31,461.15,18.81666666667,7.8424,25.09792240641,44.83573411701
1987-09-30,460.38,18.28333333333,7.6064,24.36917527322,46.55520545114
1987-10-31,465.35,18.56666666667,7.6074,24.86014332952,48.10028020879
1987-11-30,467.57,17.75,6.762,23.98385639695,49.18108115555
1987-12-31,486.24,16.63333333333,6.8125,23.41308060247,51.06529454718
1988-01-31,476.58,16.46666666667,6.7446,23.36917198749,52.1295600236
1988-02-29,442.07,15.85,6.3414,22.04403602637,50.99519204082
1988-03-31,443.61,14.78333333333,6.4105,20.89305776075,53.30738426603
1988-04-30,451.55,16.46666666667,6.4803,22.71382050386,53.85306579777
1988-05-31,451.07,16.21666666667,6.5404,22.40986227434,56.72784426186
1988-06-30,451.33,15.33333333333,7.0155,21.6614487171,62.64427613181
1988-07-31,437.63,14.48333333333,7.0412,21.01040836765,57.85026820902
1988-08-31,431.28,14.55,6.7131,21.14199021862,56.30432141214
1988-09-30,413.46,13.1,6.3781,19.31907190842,55.58836281324
1988-10-31,406.78,12.18333333333,6.2812,18.61260358316,55.99705664171
1988-11-30,420.17,12.53333333333,6.2947,19.32486303029,57.05698503744
1988-12-31,419.05,14.65,6.1245,21.80168079044,58.76596885846
1989-01-31,404.01,16.48333333333,5.995,23.47980160917,58.11829171773
1989-02-28,387.51,16.35,5.8847,23.01654754078,56.97724239252
1989-03-31,390.15,18.03333333333,5.9592,24.90581879936,57.70175579527
1989-04-30,384.4,19.2,5.7926,26.07321183017,57.24731880411
1989-05-31,371.05,18.01666666667,5.4531,24.75649768303,57.07373007662
1989-06-30,367.6,17.63333333333,5.2707,23.90614342141,55.28328574758
1989-07-31,375.04,17.66666666667,5.2167,24.09315324819,53.85954291042
1989-08-31,365.14,16.88333333333,5.1823,23.32438804171,52.94672346171
1989-09-30,361.75,17.66666666667,5.1338,24.00236592479,52.73148551938
1989-10-31,366.88,18.41666666667,5.1449,25.36829641348,52.89978231316
1989-11-30,394.26,18.36666666667,5.4833,25.92000844243,51.5598648246
1989-12-31,409.39,19.35,5.5688,27.1081273726,50.52321381594
1990-01-31,410.11,20.35,5.2462,28.87259987469,50.24474941591
1990-02-28,416.81,19.6,5.2893,27.11658255878,50.16679017779
1990-03-31,393.06,18.21666666667,5.0766,25.11890389456,51.80923282188
1990-04-30,374.24,16.55,5.0655,23.23506781595,51.93062390073
1990-05-31,369.05,16.58333333333,5.0791,23.27346005981,51.68471782227
1990-06-30,352.33,15.26666666667,4.9182,22.21148780063,50.77012911724
1990-07-31,362.53,17.16666666667,4.8749,24.09765324209,51.13215106182
1990-08-31,394.73,26.4,5.008,34.12098700589,52.16724011058
1990-09-30,389.32,32.7,4.8038,41.71253575041,53.20924816043
1990-10-31,380.74,34.5,4.3891,44.11039514753,52.18515541497
1990-11-30,381.73,31.08333333333,4.1729,41.40768188348,50.13878521591
1990-12-31,376.95,26.13333333333,4.0751,36.11090112729,49.60336223921
1991-01-31,383.64,22.58333333333,4.0517,31.25881372619,49.85869711058
1991-02-28,363.83,18.13333333333,3.7376,26.32457231212,50.15553035124
1991-03-31,363.34,18.06666666667,3.9428,26.2634821837,50.40739860882
1991-04-30,358.38,18.46666666667,3.9755,26.10969924546,49.79014879474
1991-05-31,356.95,18.81666666667,4.0462,26.08542816961,48.22440318609
1991-06-30,366.72,17.93333333333,4.3898,24.73240586058,48.18802253621
1991-07-31,367.69,19.05,4.3475,25.89828567741,47.98394878711
1991-08-31,356.31,19.36666666667,3.9573,26.36360210929,48.32426504411
1991-09-30,348.74,20.05,4.0375,27.57353771214,48.51827584605
1991-10-31,358.69,21.46666666667,4.1154,29.42887572347,48.33360306128
1991-11-30,360.17,20.76666666667,4.0723,28.46720337499,48.05858670408
1991-12-31,361.73,17.75,3.9427,25.5844683727,47.6458836697
1992-01-31,354.45,17.38333333333,4.11,24.3864410083,48.16832966943
1992-02-29,353.91,17.61666666667,4.1457,24.19963656175,48.48836329022
1992-03-31,344.34,17.45,4.1101,23.80725863063,48.52416637633
1992-04-30,338.62,18.63333333333,4.0505,25.4285663134,48.21707430101
1992-05-31,337.24,19.5,4.0715,26.60039565766,48.32784348912
1992-06-30,340.81,20.83333333333,4.0639,27.89494166005,48.48984916577
1992-07-31,352.72,20.16666666667,3.9675,27.22187784938,48.7022800187
1992-08-31,343.06,19.61666666667,3.8123,26.98700920444,48.51846671617
1992-09-30,345.43,20.15,3.7719,27.99286424947,47.88646960683
1992-10-31,344.38,20.08333333333,3.7525,28.09364934275,46.40065512658
1992-11-30,335.02,18.88333333333,3.771,26.58550954495,46.33011782222
1992-12-31,334.82,17.93333333333,3.7252,25.36993352054,46.65619293481
1993-01-31,329.01,17.21666666667,3.6835,24.26374345612,47.15772732895
1993-02-28,329.31,18.16666666667,3.6555,24.92955912272,47.37335261443
1993-03-31,330.08,18.46666666667,3.647,25.89264856779,47.35579004563
1993-04-30,342.15,18.43333333333,3.9516,25.97549522203,47.60121715488
1993-05-31,367.18,18.16666666667,4.464,25.57648053025,48.47460387605
1993-06-30,371.89,17.46666666667,4.3757,24.40993435618,47.96199026187
1993-07-31,392.19,16.31666666667,5.0194,23.61504385665,49.5235977126
1993-08-31,378.84,16.48333333333,4.8377,23.76196454262,49.22359138906
1993-09-30,355.28,15.9,4.2185,23.01541392196,48.74673013111
1993-10-31,364.18,16.51666666667,4.343,23.31904532362,48.42731829369
1993-11-30,373.83,15.2,4.5332,22.09050851539,48.93797925237
1993-12-31,383.3,13.76666666667,4.9717,20.53115529713,50.14781953682
1994-01-31,386.88,14.13333333333,5.1458,21.14537893587,50.618876205
1994-02-28,381.91,13.78333333333,5.2473,21.10025037518,51.2240934631
1994-03-31,384.13,13.61666666667,5.435,20.53200894971,51.25705027714
1994-04-30,377.27,15.08333333333,5.352,21.57816824794,51.29254988893
1994-05-31,381.43,16.28333333333,5.4195,22.62495833572,53.17367933536
1994-06-30,385.64,17.16666666667,5.3876,23.28933482194,54.53257979526
1994-07-31,385.49,17.88333333333,5.2823,24.28060837791,56.65397538055
1994-08-31,380.36,17.0,5.1972,23.06639562229,56.44372048146
1994-09-30,391.58,16.2,5.5237,21.90141225576,58.05594071882
1994-10-31,389.77,16.46666666667,5.4541,22.49806679266,57.30246491115
1994-11-30,384.39,17.08333333333,5.1924,23.44432923863,58.6213265508
1994-12-31,379.29,15.94,4.7795,22.44886199446,59.21950590659
1995-01-31,378.55,16.9,4.7731,22.9890699176,60.63552930488
1995-02-28,376.64,17.41666666667,4.7215,23.58497071834,60.22799839928
1995-03-31,382.12,17.34666666667,4.6485,23.49286390023,59.85528225111
1995-04-30,391.03,18.64666666667,5.4777,25.33155158561,59.80901495781
1995-05-31,385.22,18.42333333333,5.5598,25.13417044155,58.98304527039
1995-06-30,387.56,17.36333333333,5.3637,24.12073054548,59.02967023387
1995-07-31,386.23,16.08333333333,5.1648,22.34612697035,60.306429844
1995-08-31,383.67,16.46666666667,5.3982,22.71664772954,59.75922307591
1995-09-30,383.06,16.82,5.4295,23.56740366774,58.72090694537
1995-10-31,383.14,16.12333333333,5.3741,23.02233906072,58.92067739939
1995-11-30,385.31,16.74333333333,5.3151,24.11474956079,59.53788068139
1995-12-31,387.44,17.86666666667,5.1769,26.11362033156,59.02955097102
1996-01-31,399.45,17.8,5.4605,26.39571437528,58.37801340313
1996-02-29,404.76,17.69666666667,5.6567,28.36006802561,59.17515791525
1996-03-31,396.21,19.4,5.5241,28.54392893874,59.27556208622
1996-04-30,392.85,20.66,5.4209,28.92716627369,61.40425866366
1996-05-31,391.93,19.06333333333,5.3652,26.73435472011,62.1767383797
1996-06-30,385.27,18.51333333333,5.1615,26.15869179154,59.85739237225
1996-07-31,383.47,19.58666666667,5.0653,27.56343343102,58.79112571351
1996-08-31,387.35,20.44,5.1354,28.01279851813,58.4655644452
1996-09-30,383.14,22.25666666667,5.0388,29.88706731174,57.03169644478
1996-10-31,381.07,23.61,4.9276,32.33018191108,55.31581931922
1996-11-30,377.85,22.39,4.8332,31.49640121574,56.01789192973
1996-12-31,369.0,23.62333333333,4.8264,33.8550265241,55.93949765134
1997-01-31,355.11,23.22666666667,4.7747,32.69342650897,57.91128695223
1997-02-28,346.58,20.42,5.0722,28.44096065111,58.91951731516
1997-03-31,351.81,19.33,5.1962,26.25566587844,60.40601109734
1997-04-30,344.47,17.88,4.7726,24.59076325174,59.61737795425
1997-05-31,343.84,19.36743333333,4.7496,26.63754348782,60.14146481919
1997-06-30,340.76,17.92,4.7569,24.84638747571,58.57839142068
1997-07-31,324.1,18.33,4.3724,25.70320907784,56.88472553243
1997-08-31,324.01,18.7,4.4964,26.47490728762,56.46183782366
1997-09-30,322.82,18.66174603175,4.7319,26.70849042121,55.38387000067
1997-10-31,324.87,20.04,5.0348,28.4159078922,54.27201550799
1997-11-30,306.04,19.08666666667,5.0779,27.33974590487,53.97869924015
1997-12-31,288.74,17.09,5.8368,24.19875134619,52.84070395112
1998-01-31,289.1,15.0,5.8871,21.86515323998,51.59085790997
1998-02-28,297.49,14.1,6.8069,21.00602296926,52.13088403494
1998-03-31,295.94,13.12333333333,6.2429,19.89544394468,51.30227776809
1998-04-30,308.29,13.5,6.341,20.38615253497,51.65626073074
1998-05-31,299.1,14.02666666667,5.575,21.01028658734,50.28579560715
1998-06-30,292.32,12.479,5.263,18.55471102016,48.35184274243
1998-07-31,292.87,12.69966666667,5.4552,18.44085126544,47.81942424292
1998-08-31,284.11,12.48796666667,5.1792,17.68690616366,46.84898847743
1998-09-30,288.98,13.80333333333,4.9992,19.48513450229,47.15510706344
1998-10-31,295.93,13.26333333333,5.0092,18.39858661112,47.09941601862
1998-11-30,294.12,11.88,4.9733,16.87972466427,47.59617704266
1998-12-31,291.68,10.41,4.8775,15.20087174331,46.52472028074
1999-01-31,287.08,11.44333333333,5.1393,16.64324269448,46.3639618064
1999-02-28,287.33,10.75333333333,5.5306,15.60783061342,44.75289991853
1999-03-31,285.96,13.16666666667,5.1942,18.0139435554,43.91113304639
1999-04-30,282.62,15.86666666667,5.0603,21.44779802977,43.89966671843
1999-05-31,276.44,16.06333333333,5.2619,21.42768694449,44.04377915649
1999-06-30,261.31,16.39333333333,5.0269,22.17602278701,43.5489708546
1999-07-31,256.08,18.98666666667,5.1797,25.68035987373,43.28348963831
1999-08-31,256.69,20.27,5.2603,27.64731513544,44.15767330683
1999-09-30,264.74,22.7,5.2089,29.70998753648,45.23826862575
1999-10-31,310.72,21.95,5.4123,29.59833774786,45.04809490524
1999-11-30,293.18,24.16333333333,5.1538,31.93967461735,45.07610397111
1999-12-31,283.07,25.1,5.1573,33.09378516655,45.40318496883
2000-01-31,284.32,25.31,5.1882,33.32303987226,46.41733656225
2000-02-29,299.86,27.22096666667,5.2467,36.14835268105,46.52985751092
2000-03-31,286.39,27.49,5.0649,36.12597794971,45.90100036024
2000-04-30,279.69,23.47,5.0645,31.30457833656,45.47510058406
2000-05-31,275.19,27.18666666667,4.9796,37.0704064795,45.58126598513
2000-06-30,285.73,29.62076666667,4.9976,40.50912169825,44.95045110159
2000-07-31,281.59,28.17666666667,4.9692,39.0652520076,44.54955079477
2000-08-31,274.47,29.2629,4.8864,40.6337960711,44.41766778316
2000-09-30,273.68,32.08283333333,4.8904,44.96034922973,44.75065038407
2000-10-31,270.0,31.40016666667,4.8302,43.26827554072,44.08716680297
2000-11-30,266.01,32.331,4.6814,45.69951683682,43.54467352823
2000-12-31,271.45,25.20466666667,4.6398,42.47898687628,44.4230005128
2001-01-31,265.49,25.95727272727,4.6571,42.15989166094,44.59480300008
2001-02-28,261.87,27.23883333333,4.5574,40.68017590791,44.01244747578
2001-03-31,263.03,25.02257575758,4.404,36.88667190969,43.35584780501
2001-04-30,260.48,25.718,4.365,38.20853720091,42.78683857042
2001-05-31,272.36,27.54682539683,4.4333,39.88395061214,43.19448381786
2001-06-30,270.23,26.96603174603,4.3738,38.4502623221,42.63744352375
2001-07-31,267.53,24.80367965368,4.2543,33.97430225288,43.48390454969
2001-08-31,272.39,25.82115942029,4.2208,35.01191813308,43.07600102303
2001-09-30,283.42,25.20766666667,4.353,33.75505514801,41.83934220172
2001-10-31,283.06,20.73188405797,4.4012,28.614358253,40.00813289707
2001-11-30,276.16,18.68818181818,4.1226,26.67822373356,41.12264600662
2001-12-31,275.85,18.51978947368,4.3695,26.24994535424,41.43537419322
2002-01-31,281.51,19.15481240981,4.5149,26.79698382298,41.88739452992
2002-02-28,295.5,19.97523684211,4.4232,27.74531266782,41.95749668522
2002-03-31,294.06,23.64066666667,4.5393,32.24242469749,42.81235050465
2002-04-30,302.68,25.43424242424,4.5757,34.72019090205,42.6640373587
2002-05-31,314.49,25.67234519104,4.6992,34.53229137872,42.96811760019
2002-06-30,321.18,24.48805750487,4.9044,32.78824221407,44.30437980632
2002-07-31,313.29,25.75474810214,4.9186,34.19560780224,45.24362490003
2002-08-31,310.26,26.7758008658,4.5403,35.23117781615,45.35264680922
2002-09-30,319.14,28.28079365079,4.5536,37.73956153532,46.4861781345
2002-10-31,316.56,27.5268115942,4.4013,37.80908429717,46.62153394456
2002-11-30,319.07,24.54248120301,4.5108,34.16422038365,46.61143513202
2002-12-31,331.92,27.88698412698,4.6313,39.69501387859,47.37729762166
2003-01-31,356.859,30.75031746032,4.8062,43.61697239421,47.92071993447
2003-02-28,358.97,32.88337719298,4.6551,48.25342824696,48.34120040913
2003-03-31,340.55,30.35920634921,4.5283,43.41035646648,47.75993129712
2003-04-30,328.18,25.55596825397,4.4932,37.00112829518,46.93165717609
2003-05-31,355.683,26.06491269841,4.7413,38.55670912946,47.13910015369
2003-06-30,356.352,27.91714285714,4.5262,40.35896597547,47.0239663143
2003-07-31,351.02,28.59158761528,4.797,40.26637844274,46.87967962082
2003-08-31,359.768,29.67555555556,4.9893,41.74676728466,47.61946688979
2003-09-30,378.945,26.88233044733,5.1708,38.44371419603,48.49742788581
2003-10-31,378.92,29.01449275362,5.0022,41.10612747693,51.10558791544
2003-11-30,389.91,29.12274074074,5.1777,40.22657742752,52.57573570314
2003-12-31,406.953,29.96920634921,5.6276,43.77480474803,53.27689370031
2004-01-31,413.788,31.36771929825,6.3005,45.18449250139,55.35357975254
2004-02-29,404.878,31.33133333333,6.4406,44.12333839299,57.13373233509
2004-03-31,406.667,33.66507246377,7.2254,47.58895706816,58.64852528318
2004-04-30,403.26,33.71139249639,7.1486,47.77901269065,58.39455273597
2004-05-31,383.779,37.55789891395,5.8674,53.59089759949,56.67175378681
2004-06-30,392.373,35.54274170274,5.8618,50.79957469033,56.39464244829
2004-07-31,398.091,37.891998557,6.3141,53.95341648989,56.20378224145
2004-08-31,400.51,42.08406926407,6.66,58.14188023377,55.58927750191
2004-09-30,405.275,41.59682539683,6.4034,58.05227620717,55.74705200138
2004-10-31,420.464,46.88111111111,7.095,66.83546114631,56.08649402916
2004-11-30,439.375,42.12554545455,7.4926,59.10761386041,56.37339182019
2004-12-31,442.079,39.04494444444,7.085,56.14079707207,56.5775637185
2005-01-31,424.03,42.97227777778,6.619,60.76599033767,58.02415249768
2005-02-28,423.35,44.81821052632,7.03,61.98471960681,59.79451207187
2005-03-31,433.85,50.94287878788,7.2282,71.11964095311,62.609777121
2005-04-30,429.233,50.64047619048,7.1188,70.2533332265,61.39741419764
2005-05-31,421.873,47.82657287157,7.0224,65.99394942597,60.57722973025
2005-06-30,430.657,53.8903030303,7.3105,72.91323181439,60.600245016
2005-07-31,424.479,56.36580952381,7.0145,77.24586335384,60.54013332012
2005-08-31,437.93,61.89052042161,7.0334,86.7816862354,60.69951014656
2005-09-30,456.048,61.6876984127,7.1536,89.69238626059,61.11056318019
2005-10-31,469.898,58.18507936508,7.6705,86.03596102878,62.21117450443
2005-11-30,476.666,55.04282539683,7.8725,78.71461887082,62.78249425969
2005-12-31,510.097,56.42964285714,8.627,83.15138308185,65.15764324263
2006-01-31,549.864,62.45703968254,9.1391,85.42825303961,67.668596361
2006-02-28,554.995,59.70492105263,9.5349,80.26073330032,69.7895719718
2006-03-31,557.093,60.92927536232,10.3838,82.07008572605,69.43690150579
2006-04-30,610.653,67.97057504873,12.6144,91.30056178052,73.17679417288
2006-05-31,675.393,68.6759486166,13.3772,89.86478916524,78.90717454463
2006-06-30,596.145,68.29015151515,10.7964,88.45415768456,74.87408243891
2006-07-31,633.71,72.4501336675,11.2324,94.02883652845,77.1049014885
2006-08-31,632.593,71.81188405797,12.1874,94.70898301166,77.41568937975
2006-09-30,598.186,62.12125396825,11.6769,80.28811728135,76.92346519999
2006-10-31,585.78,57.91046897547,11.5586,76.9890931094,79.16764339895
2006-11-30,627.827,58.14304545455,12.9311,79.15189618551,80.57038679588
2006-12-31,629.791,60.9944122807,13.2786,82.22649508277,81.64384339743
2007-01-31,631.166,53.51696969697,12.8413,73.60813299934,80.64446489569
2007-02-28,664.745,57.5625,13.91,79.14058224675,82.68029712525
2007-03-31,654.895,60.59984848485,13.1843,82.70533938239,84.64969350924
2007-04-30,679.368,65.05764035088,13.7233,88.75511052242,87.97546259158
2007-05-31,667.31,65.15725955204,13.1478,88.86532436831,89.7088805317
2007-06-30,655.66,68.1880952381,13.1443,92.81989744051,89.37933271538
2007-07-31,665.38,73.6016955267,12.9093,97.98662846868,90.60727285847
2007-08-31,665.411,70.1268115942,12.3343,91.38429836244,89.09206053073
2007-09-30,712.653,76.76243859649,12.8335,98.06573195433,92.50361107059
2007-10-31,754.604,81.96724637681,13.6704,105.72020739341,96.22973367502
2007-11-30,806.248,91.33826118326,14.7016,117.09671033074,97.35301572899
2007-12-31,803.203,89.51994152047,14.3036,116.28180289531,97.01927597917
2008-01-31,889.595,90.68993506494,15.9089,118.60395290539,101.75375899298
2008-02-29,922.298,93.38759064327,17.569,124.40291629159,109.68468727828
2008-03-31,968.434,101.84283333333,19.3174,133.99362166159,116.8095178075
2008-04-30,909.705,108.75818181818,17.5,143.13408248551,119.49988173819
2008-05-31,888.663,122.63260894661,17.06,159.76369173084,119.6485401278
2008-06-30,889.488,131.52111111111,16.969,172.74148353347,120.89387297893
2008-07-31,939.772,132.82518445323,18.0339,173.48356238064,120.95861653729
2008-08-31,839.025,114.56682539683,14.635,147.61430086909,113.05180403711
2008-09-30,829.932,99.65676767677,12.373,130.9818854831,105.67253505205
2008-10-31,806.62,72.69275362319,10.4413,100.50010571835,88.15978404397
2008-11-30,760.863,53.97272807018,9.8652,78.80755723421,78.66133536675
2008-12-31,816.092,41.33892496393,10.2857,64.38198403811,73.84073387733
2009-01-31,858.69,43.85521428571,11.2682,66.27316108325,77.46443265121
2009-02-28,943.0,41.8436754386,13.4125,61.80203130871,76.84007913115
2009-03-31,924.273,46.6453030303,13.1168,64.05316689609,76.68445623532
2009-04-30,890.2,50.2780952381,12.4793,66.5157763306,79.15587921728
2009-05-31,928.645,58.15388888889,13.9838,74.24090102215,82.85346398189
2009-06-30,945.67,69.1496969697,14.6543,85.79965155913,84.30830238273
2009-07-31,934.228,64.66667325428,13.3617,80.80686705812,82.6822495887
2009-08-31,949.375,71.62968253968,14.3567,88.63751993251,88.3708457649
2009-09-30,996.591,68.34611111111,16.3895,83.2042950813,86.16207209276
2009-10-31,1043.159,74.08060606061,17.2361,90.89321998,88.09620482819
2009-11-30,1127.036,77.5523015873,17.8213,95.0125081002,91.08637208999
2009-12-31,1134.724,74.88181818182,17.6422,95.03978208299,93.54723655986
2010-01-31,1117.963,77.1210877193,17.749,98.50423804688,96.22235547388
2010-02-28,1095.413,74.76301559454,15.873,95.60340640531,93.00139102268
2010-03-31,1113.337,79.29768115942,17.1061,99.57703079796,94.53103653002
2010-04-30,1148.688,84.18285714286,18.0623,104.85014108312,98.01995102758
2010-05-31,1205.434,75.61831746032,18.4333,95.678948899,93.49606264395
2010-06-30,1232.92,74.725,18.4548,95.0970655751,91.13326710401
2010-07-31,1192.966,74.5794011544,17.9605,94.87899805601,93.54139940188
2010-08-31,1215.81,75.82626984127,18.3877,96.45409889249,99.04143274698
2010-09-30,1270.977,76.11624098124,20.5498,97.22504240069,102.92237161309
2010-10-31,1342.024,81.71936507937,23.3933,102.18881522845,108.7075315507
2010-11-30,1369.886,84.53406349206,26.5409,106.08754104042,112.08071567101
2010-12-31,1390.553,90.00596179183,29.3248,113.85467357457,117.30248521422
2011-01-31,1360.46,92.6905952381,28.5086,120.13082648311,122.77405986449
2011-02-28,1374.68,97.9141920078,30.7785,127.43908847514,128.10758264585
2011-03-31,1423.26,108.6452173913,35.8135,138.374412181,123.9643406762
2011-04-30,1480.89,116.24316666667,42.6952,148.26435485959,125.848526866
2011-05-31,1512.58,108.06851298701,37.3359,139.06135555093,121.61408649584
2011-06-30,1529.36,105.84545454546,35.795,138.72306013319,121.91924071472
2011-07-31,1572.75,107.91661111111,37.9171,141.94397979857,123.23135588865
2011-08-31,1759.01,100.48642512077,40.3313,134.60285853754,121.86070844524
2011-09-30,1772.14,100.81935064935,38.1545,135.38982620077,118.89862191696
2011-10-31,1666.43,99.84775396825,31.9748,133.58900883856,111.61393601076
2011-11-30,1739.0,105.40501443001,33.0818,133.96953867159,108.58374651799
2011-12-31,1639.97,104.23047619048,30.3032,131.0925390605,106.31492107364
2012-01-31,1654.05,107.07457226399,30.6509,134.11352856146,108.75784949324
2012-02-29,1744.82,112.68752380952,34.1405,142.7871437031,111.342519636
2012-03-31,1675.95,117.785,32.9532,147.88340346397,111.86791758876
2012-04-30,1649.2,113.6655,31.5255,142.42801169258,111.80785536489
2012-05-31,1589.04,104.0860342556,28.7196,132.27917090896,109.48599037382
2012-06-30,1598.76,90.72825396825,27.9836,115.96677036253,106.07206291224
2012-07-31,1594.29,96.75411255411,27.4318,124.55944939168,109.83496539951
2012-08-31,1630.31,105.27363699103,28.8002,135.37886781029,109.25932157747
2012-09-30,1744.81,106.28496491228,33.6085,135.21456485277,111.17263862218
2012-10-31,1746.58,103.40786561265,33.1874,134.15051036755,109.04140947952
2012-11-30,1721.64,101.17441558442,32.7732,132.33350046751,107.11967794132
2012-12-31,1684.762,101.19366666667,31.8745,132.37473716727,108.36007414149
2013-01-31,1671.84782608696,105.10021645022,31.06173913043,135.93198153235,108.48368831169
2013-02-28,1627.57,107.63743567252,30.3288,139.79240051329,108.22406768242
2013-03-31,1593.08619047619,102.5225,28.79095238095,132.53688317922,105.17998033966
2013-04-30,1487.85727272727,98.85196969697,25.355,126.60937469563,102.05842294376
2013-05-31,1414.02695652174,99.36663341489,23.03826086957,126.30164168444,101.74637299364
2013-06-30,1343.35,99.74266666667,21.109,125.71450215024,100.50804281841
2013-07-31,1285.51565217391,105.25790513834,19.7102173913,129.88631425274,98.89500817021
2013-08-31,1351.74181818182,108.15763636364,21.89386363636,133.04242050068,98.67519693369
2013-09-30,1348.6,108.75773015873,22.5638,133.77322248939,98.0205172954
2013-10-31,1316.58,105.42713438735,21.917,131.745192966,98.3412478492
2013-11-30,1275.86,102.62649122807,20.7576,130.34830337691,97.47556790014
2013-12-31,1221.5119047619,105.48165079365,19.67,134.15338102158,97.90426992003
2014-01-31,1244.27,102.09666666667,19.875,131.21821073733,97.06008526023
2014-02-28,1299.58,104.82666666667,20.845,133.96655058107,97.9066584966
2014-03-31,1336.08,104.04,20.716,130.66761978161,99.94557688906
2014-04-30,1298.45,104.86666666667,19.736,130.67833077146,99.96721066031
2014-05-31,1288.74,105.71333333333,19.342,132.32730088101,99.52664265368
2014-06-30,1279.1,108.37333333333,19.892,134.32371694167,98.05643468749
2014-07-31,1310.59,105.22666666667,20.923,127.94733367714,97.97302475716
2014-08-31,1295.13,100.05,19.736,122.39020436574,96.87935258375
2014-09-30,1236.55,95.85,18.369,117.43723625729,93.96211498823
2014-10-31,1222.49,86.08,17.163,106.77311100541,92.88678357472
2014-11-30,1175.33,76.99333333333,15.966,97.30346208484,92.85520138202
2014-12-31,1200.62,60.70333333333,16.295,79.79521568896,90.59340371077
2015-01-31,1250.75,47.10666666667,17.236,63.74908099905,87.68373983513
2015-02-28,1227.08,54.79,16.787,73.7661946658,86.13774516614
2015-03-31,1178.63,52.82666666667,16.24,71.14510517814,84.50289627396
2015-04-30,1198.93,57.54333333333,16.341,73.35885198935,84.18618285749
2015-05-31,1198.63,62.50666666667,16.833,79.25739760999,84.87115397262
2015-06-30,1181.5,61.30666666667,16.075,76.68485816076,83.55057577637
2015-07-31,1128.31,54.34,15.053,69.97397856757,82.31333421359
2015-08-31,1117.93,45.69,14.941,60.2653078988,78.81375139005
2015-09-30,1124.77,46.28,14.75,60.30927899984,77.95745993529
2015-10-31,1159.25,46.95666666667,15.813,60.50797016356,78.02249700848
2015-11-30,1086.44,43.11333333333,14.452,55.87089746843,75.98872096912
2015-12-31,1075.74,36.57333333333,14.127,48.30035030932,75.46823984447
2016-01-31,1097.91,29.78,14.106,40.85613576544,74.02812845495
2016-02-29,1199.5,31.03,15.167,42.84032596702,74.59960789833
2016-03-31,1245.14,37.34,15.465,48.74117216575,76.9880112129
2016-04-30,1242.26,40.75,16.36,52.27638246936,78.82886448498
2016-05-31,1260.95,45.93666666667,16.947,57.65393070474,79.948702585
2016-06-30,1276.4,47.68666666667,17.286,60.2313572061,81.64066359209
2016-07-31,1336.66,44.12666666667,19.992,57.27880424145,81.36940407645
2016-08-31,1340.17,44.87666666667,19.587,58.41562604055,80.53927663407
2016-09-30,1326.61,45.04333333333,19.357,59.08669511717,79.90448826371
2016-10-31,1266.55,49.29333333333,17.655,64.394119652,79.52474711796
2016-11-30,1238.35,45.26,17.407,60.92628963232,82.22930663633
2016-12-31,1157.36,52.62,16.432,69.58576556728,82.74027605902
2017-01-31,1192.1,53.59,16.902,70.23070326191,84.29627470201
2017-02-28,1234.2,54.35333333333,17.933,70.09883077985,85.24418167687
2017-03-31,1231.42,50.90333333333,17.631,65.93761041425,84.0094545731
2017-04-30,1266.88,52.16333333333,18.033,67.43688044593,82.30617493675
2017-05-31,1246.04,49.89333333333,16.745,64.86642013185,82.41699344241
2017-06-30,1260.26,46.16666666667,16.931,60.60971168123,81.64129830359
2017-07-31,1236.84,47.65666666667,16.152,62.90735989839,83.00515672731
2017-08-31,1283.04,49.94333333333,16.952,66.40945721224,83.75825941843
2017-09-30,1314.07,52.95,17.432,70.74093857992,84.58813784227
2017-10-31,1279.51,54.92,16.941,73.27645764667,84.43837652991
2017-11-30,1281.9,59.93333333333,16.977,78.95326292098,84.80567575865
2017-12-31,1264.45,61.18666666667,16.165,80.82823822651,84.23139298243
2018-01-31,1331.3,66.22666666667,17.127,87.41186077085,87.10133040926
2018-02-28,1330.73,63.46,16.582,82.11150234942,88.25601414648
2018-03-31,1324.66,64.16666666667,16.473,82.81470943499,87.8596047137
2018-04-30,1334.76,68.79333333333,16.648,88.39745161513,89.54554868713
2018-05-31,1303.45,73.43,16.49,94.59639606445,89.72990723685
2018-06-30,1281.57,71.97666666667,16.541,93.66852843184,87.92563899832
2018-07-31,1237.71,72.66666666667,15.723,93.02886321127,84.13866192383
2018-08-31,1201.71,71.08333333333,14.987,91.9861252694,82.7053223319
2018-09-30,1198.39,75.36333333333,14.272,98.72449947898,81.14865860076
2018-10-31,1215.39,76.72666666667,14.597,100.22216927105,82.28123876428
2018-11-30,1220.65,62.31666666667,14.353,84.43680708935,81.11014054193
2018-12-31,1250.4,53.96,14.772,74.89874647623,80.73074529985
2019-01-31,1291.75,56.58333333333,15.624,76.20477086944,81.05188691482
2019-02-28,1320.07,61.13333333333,15.815,80.08603918756,82.50406674623
2019-03-31,1300.9,63.78666666667,15.296,82.22320089448,82.31330393155
2019-04-30,1285.91,68.57666666667,15.055,86.42673201639,82.58092317949
2019-05-31,1283.7,66.83333333333,14.662,85.17577272239,81.03338767973
2019-06-30,1359.04,59.76,15.036,76.33927157328,82.27407501741
2019-07-31,1412.89,61.47666666667,15.791,77.03842163234,82.38954288638
2019-08-31,1500.41,57.67,17.224,71.59163373571,79.22875987141
2019-09-30,1510.58,60.04,18.16,75.5647419957,79.51880020559
2019-10-31,1494.81,57.27333333333,17.645,72.67367319761,80.24388789923
2019-11-30,1470.79,60.40333333333,17.165,76.6176460807,82.01911620789
2019-12-31,1479.13,63.35333333333,17.138,79.07866333164,83.56335646408
2020-01-31,1560.67,61.62666666667,17.972,76.05782805784,84.28620214529
2020-02-29,1597.1,53.34666666667,17.88,66.30874082927,81.08911969592
2020-03-31,1591.93,32.20333333333,14.884,42.6472477596,77.97006542815
2020-04-30,1683.17,21.04333333333,15.065,31.63231012178,75.88308095488
2020-05-31,1715.91,30.38,16.256,39.24687580089,76.51761383264
2020-06-30,1732.22,39.45666666667,17.713,48.5231595002,79.62403576981
2020-07-31,1846.51,42.06666666667,20.647,51.6497454882,82.02227811327
2020-08-31,1968.63,43.44333333333,27.003,54.30174528329,85.37963376941
2020-09-30,1921.92,40.59666666667,25.742,51.16881771972,87.60820625004
2020-10-31,1900.27,39.9,24.23,51.62079340516,88.98294285206
2020-11-30,1866.3,42.30333333333,24.079,55.30181595459,92.75073426206
2020-12-31,1858.42,48.72666666667,24.968,63.74668437007,97.36207028875
2021-01-31,1866.98,53.60333333333,25.88,69.882566118,101.84753915066
2021-02-28,1808.17,60.46333333333,27.293,80.38194347312,104.64482658112
2021-03-31,1718.23,63.83,25.648,80.76523673477,105.54002591106
2021-04-30,1760.04,62.95,25.687,80.80171766567,108.85215829652
2021-05-31,1850.26,66.4,27.504,86.28486080925,116.03869224942
2021-06-30,1834.57,71.80333333333,26.995,93.91895277955,114.57932344683
2021-07-31,1807.84,73.28333333333,25.677,98.28941653097,114.98539190663
2021-08-31,1785.28,68.86666666667,23.986,96.32359893158,114.21792023049
2021-09-30,1775.14,72.8,23.185,107.17858644213,112.821134645
2021-10-31,1776.85,82.06333333333,23.413,123.36989210288,117.18484989064
2021-11-30,1821.76,79.91666666667,24.175,115.00870344115,116.73193541883
2021-12-31,1790.43,72.86666666667,22.532,112.37295836686,117.62002549743
2022-01-31,1816.02,83.92,23.158,121.30988558842,122.81396858046
2022-02-28,1856.3,93.54333333333,23.542,133.31424055374,127.64936959232
2022-03-31,1947.83,112.39666666667,25.314,166.73239302763,137.58923846807
2022-04-30,1936.86,103.41333333333,24.545,153.18659162076,138.67040731323
2022-05-31,1848.5,110.09666666667,21.905,163.63299774551,132.11531445952
2022-06-30,1836.57,116.8,21.556,173.48221112801,126.51915830908
2022-07-31,1732.74,105.08333333333,19.075,171.75250650949,115.18173043332
2022-08-31,1764.56,95.97333333333,19.724,172.77086426625,115.70506369867
2022-09-30,1680.78,88.22,18.944,158.17363839615,113.02820087015
2022-10-31,1664.45,90.32666666667,19.426,146.1725229079,111.39229028178
2022-11-30,1725.07,87.37666666667,21.018,139.44136053757,111.94932937886
2022-12-31,1797.55,78.06666666667,23.326,130.91804770227,113.03022963461
2023-01-31,1897.71,80.41,23.653,119.29483540626,114.99558563619
2023-02-28,1854.54,80.25333333333,21.921,110.53012409471,114.71184471764
2023-03-31,1912.73,76.47333333333,21.976,103.46584154991,111.87383801741
2023-04-30,1999.77,82.46,25.01,109.26437084516,113.4694931494
2023-05-31,1992.13,74.12333333333,24.267,96.90788941533,109.48704622816
2023-06-30,1942.9,73.26333333333,23.417,95.17403636424,107.66674208094
2023-07-31,1951.02,78.98333333333,24.256,100.85881612729,108.55790931162
2023-08-31,1918.7,84.72433333333,23.437,108.71200636355,107.61627942712
2023-09-30,1915.95,92.22,23.101,117.72930651723,109.39733322633
2023-10-31,1916.25,89.08366666667,22.379,115.68359866876,107.75795257886
2023-11-30,1984.11,81.35433333333,23.488,106.19514291231,109.55759226124
2023-12-31,2026.18,75.71933333333,23.878,99.6081618902,107.75890465642
2024-01-31,2034.04,77.67233333333,22.916,101.17928818347,107.18697452743
2024-02-29,2023.24,80.548,22.657,102.22068193194,107.49103146948
2024-03-31,2158.01,83.54566666667,24.518,104.23481988276,109.91142165311
2024-04-30,2331.45,88.01133333333,27.494,109.59439107507,115.57601478139
2024-05-31,2351.13,81.445,29.36,102.61900688816,115.58858070768
2024-06-30,2326.44,81.205,29.577,103.76640070701,114.15679081704
2024-07-31,2398.2,83.25866666667,29.773,105.97956577776,111.70833736292
2024-08-31,2470.15,78.121,28.53,102.64616092659,109.60649598982
2024-09-30,2570.55,72.42433333333,30.131,95.37315593015,112.18843023625
2024-10-31,2690.08,73.97066666667,32.416,97.67069300607,114.55476563404
2024-11-30,2651.13,72.29166666667,31.094,96.51379612081,114.71291310602
2024-12-31,2648.01,72.311,30.764,96.49865523956,116.95306446825
2025-01-31,2709.69,78.162,30.411,103.52961322417,117.24505060416
2025-02-28,2894.73,73.819,32.152,99.15870815571,118.93358143575
2025-03-31,2983.25,70.70133333333,33.188,95.05747037699,116.56194097008
2025-04-30,3217.64,65.905,32.225,87.89168433572,113.63913842587
2025-05-31,3309.49,62.74866666667,32.763,84.04538713492,114.86155934961
2025-06-30,3352.66,69.14666666667,36.005,92.18303852183,113.63445306593
2025-07-31,3340.15,69.19033333333,37.698,91.65690529503,113.18631705881
2025-08-31,3368.03,66.71766666667,38.185,88.08402978068,113.33273559288
2025-09-30,3667.68,66.457,42.816,87.58423865793,114.36365875883
2025-10-31,4058.33,63.04033333333,49.439,84.28490825219,114.55214438026
2025-11-30,4087.19,62.33633333333,50.432,83.95930884271,115.43520834523
2025-12-31,4309.23,60.88,62.342,82.89809161007,116.90473400674
