,CAGR,Vol,Sharpe,MDD,Calmar,2008_MDD,2020_MDD,2022_MDD,CAGR_vs_IC,MDD_vs_IC,Sharpe_vs_IC
000. Baseline (IC Original),0.19151966421297972,0.1950350414240872,0.981975663524671,-0.25233763608942256,0.7589817641990972,-0.20097666627484018,-0.17258010792060102,-0.18404169056664657,0.0,0.0,0.0
001. Extreme Greed 20% SHY Trimmer,0.19119222125817292,0.1938073456783648,0.9865065773898383,-0.24990005574097787,0.7650747443463727,-0.20097666627484093,-0.17258010792060038,-0.18404169056664607,-0.0003274429548068003,0.0024375803484446845,0.004530913865167241
002. Extreme Greed 30% IEF Trimmer,0.18997173992801542,0.19388170895596013,0.9798332238301404,-0.25233763608942245,0.7528474264564085,-0.20097666627484018,-0.17258010792060038,-0.18404169056664557,-0.0015479242849643082,1.1102230246251565e-16,-0.002142439694530651
003. Two-Tier Tiered De-risking,0.1895811019938458,0.19287620050888216,0.9829159921942542,-0.24671961756880073,0.768407084373738,-0.20097666627484018,-0.17258010792060066,-0.18404169056664604,-0.0019385622191339102,0.005618018520621826,0.000940328669583157
004. Linear Greed Decay (F&G>70),0.1898171789560732,0.19317614455847565,0.9826119026752516,-0.24730697230248108,0.7675367062595706,-0.20097666627483965,-0.17258010792060038,-0.1840416905666464,-0.0017024852569065274,0.005030663786941475,0.0006362391505805309
005. Overheating Gold Switch in Reflation,0.1912513051667697,0.194576288492656,0.982911672580229,-0.25233763608942256,0.7579182722429669,-0.20097666627484018,-0.17258010792060102,-0.18404169056664657,-0.0002683590462100316,0.0,0.0009360090555580181
006. Bear Market Panic BIL Escape,0.17393696584718343,0.18799777531218712,0.925207575240428,-0.2903424791578799,0.5990751554911175,-0.14482490896478986,-0.14680404062307428,-0.18722502662116064,-0.01758269836579629,-0.03800484306845736,-0.05676808828424307
007. Bear Market Flight to IEF,0.17976151386516315,0.19140592829867342,0.9391637733636958,-0.3192288147397938,0.5631118043391174,-0.12651573911943478,-0.14680404062307412,-0.22030871832323898,-0.011758150347816576,-0.06689117865037125,-0.0428118901609752
008. Zero-Duration Safeguard (SHY 100%),0.184610777037028,0.19072669063668338,0.9679336249203546,-0.2929574087754049,0.6301625134135433,-0.14492008286073266,-0.17258010792060036,-0.190219921042556,-0.006908887175951728,-0.040619772685982325,-0.01404203860431641
009. Greed Momentum Exhaustion Trigger,0.19151966421297972,0.1950350414240872,0.981975663524671,-0.25233763608942256,0.7589817641990972,-0.20097666627484018,-0.17258010792060102,-0.18404169056664657,0.0,0.0,0.0
010. Fear Bottom Rebound Accelerator,0.19151966421297972,0.1950350414240872,0.981975663524671,-0.25233763608942256,0.7589817641990972,-0.20097666627484018,-0.17258010792060102,-0.18404169056664657,0.0,0.0,0.0
011. Volatility x Greed Dual Lock,0.19202469969934244,0.19492018158061128,0.9851452945621673,-0.2523376360894234,0.7609831917078463,-0.20097666627484018,-0.17258010792060038,-0.18404169056664635,0.0005050354863627149,-8.326672684688674e-16,0.0031696310374962344
012. Internal Breadth Divergence Hedge,0.18071871332033917,0.18487284719774208,0.9775297782212463,-0.25233763608942217,0.7161781972796835,-0.2009766662748401,-0.1495473490242126,-0.18404169056664565,-0.010800950892640548,3.885780586188048e-16,-0.0044458853034247126
013. Dynamic Defensive Dual Treasury Tilt,0.18420582210351388,0.1884346402818533,0.9775581699202752,-0.28298277629632856,0.6509435822009912,-0.12796323653497926,-0.14680404062307434,-0.1787959152234898,-0.00731384210946584,-0.030645140206906007,-0.004417493604395806
014. Exponential Greed Dampener,0.1914519531052461,0.1941881089452346,0.9859097662835773,-0.2518912569464338,0.7600579528886131,-0.2009766662748405,-0.17258010792060066,-0.184041690566646,-6.771110773362565e-05,0.00044637914298878423,0.003934102758906266
015. AVSA Crash Protector (SHY/IEF),0.1701642787692823,0.18480171373318263,0.920793835358941,-0.2989952286818234,0.5691203820190827,-0.126442344852961,-0.14680404062307417,-0.1974386824585093,-0.021355385443697417,-0.04665759259240082,-0.061181828165730034
016. XLK Tech Euphoria Cap,0.1912319324533902,0.19420310625424836,0.9847006885823529,-0.2570065338669616,0.7440742053366654,-0.20097666627484034,-0.17258010792060036,-0.18404169056664646,-0.0002877317595895157,-0.004668897777539038,0.002725025057681907
017. XLK Secular Bull Dip Unconditional,0.19151966421297972,0.1950350414240872,0.981975663524671,-0.25233763608942256,0.7589817641990972,-0.20097666627484018,-0.17258010792060102,-0.18404169056664657,0.0,0.0,0.0
018. XLE Material (XLB) Dispersion,0.18999547498369962,0.19338846889024228,0.9824550350596738,-0.2505316063074225,0.7583692843551239,-0.20097666627484004,-0.17258010792060055,-0.184041690566646,-0.001524189229280104,0.0018060297820000626,0.0004793715350027705
019. XLE Industrial (XLI) Support Blend,0.17748832497520572,0.19102459708398298,0.9291385909699048,-0.2523376360894232,0.7033763481572267,-0.20097666627484043,-0.17258010792060058,-0.18404169056664646,-0.014031339237773999,-6.661338147750939e-16,-0.05283707255476622
020. XLU Rate Shock Shield,0.19029563204776068,0.19178482654870532,0.9922350765295478,-0.26671176714913136,0.7134879502386456,-0.1681057455757272,-0.17258010792060044,-0.16933750933161296,-0.0012240321652190467,-0.014374131059708806,0.01025941300487676
021. XLU Commodity (DBC) Stagflation Pair,0.1951703133960352,0.1945018095446733,1.0034370058197755,-0.2668558368312178,0.7313698501542517,-0.192896953289951,-0.17258010792060022,-0.18404169056664654,0.0036506491830554655,-0.014518200741795217,0.021461342295104435
022. XLP/IEF Dynamic Reciprocal Tilt,0.19366306326057336,0.1939226586430068,0.9986613457950195,-0.25197959870293524,0.7685664405271451,-0.1736129424220383,-0.14680404062307437,-0.17879570146005758,0.0021433990475936415,0.00035803738648731986,0.0166856822703485
023. Semiconductor (SOXX) Alpha Accelerator,0.17295951093576467,0.21829541519729084,0.7923185687589795,-0.34522222244746065,0.5010092041861163,-0.20097666627484062,-0.18417620397869233,-0.1840416905666462,-0.018560153277215052,-0.09288458635803809,-0.18965709476569148
024. Broad Commodity (DBC) in Reflation Greed,0.18448919612193326,0.19114738325301012,0.9651672598506681,-0.2802450923274324,0.6583137445503596,-0.20097666627484048,-0.17258010792060022,-0.18404169056664646,-0.00703046809104646,-0.02790745623800983,-0.016808403674002936
025. TIPS (TIP) Stagflation Safe Haven,0.18793357148012957,0.19065328076306376,0.9857347889737385,-0.2807742881690686,0.6693403897687566,-0.1425141696160552,-0.1725801079206003,-0.17626652065480952,-0.0035860927328501546,-0.02843665207964602,0.003759125449067424
026. Nasdaq QQQ Expansion Dual Engine,0.18256590451540688,0.19367089510112748,0.9426605087980722,-0.2546674263301156,0.7168796855815935,-0.20097666627484026,-0.17258010792060033,-0.18404169056664657,-0.008953759697572838,-0.0023297902406930193,-0.039315154726598855
027. Healthcare (XLV) Defensive Pairing,0.18485727369803295,0.19644498340058567,0.9410129518099052,-0.2990521849889303,0.6181438657767225,-0.2990521849889303,-0.17258010792060047,-0.1837310695199088,-0.00666239051494677,-0.04671454889950777,-0.04096271171476584
028. Financials (XLF) Rate Hike Partner,0.16909736325336389,0.18281972311700853,0.924940484376174,-0.2621202917569534,0.6451135931519432,-0.20097666627484023,-0.17258010792060033,-0.19471795242700843,-0.022422300959615837,-0.009782655667530837,-0.057035179148496984
029. Real Estate (IYR) Stagflation Rotation,0.1886578875477376,0.19643481206878757,0.960409642063207,-0.3215812680377465,0.586656955173127,-0.3215812680377465,-0.1725801079206004,-0.18404169056664657,-0.0028617766652421217,-0.06924363194832395,-0.021566021461464024
030. 4-Quadrant Softmax Balanced Model,0.1713772566993501,0.17599232044647614,0.9737769026772416,-0.2496148498632802,0.6865667519108634,-0.2030941497108866,-0.19839342906093813,-0.16148015431810855,-0.020142407513629612,0.0027227862261423597,-0.008198760847429432
031. Bull Trap 50% Entry Filter,0.17584915671399703,0.1877379580972974,0.9366734276659233,-0.25233763608942283,0.696880415617748,-0.20097666627484065,-0.17258010792060013,-0.18404169056664607,-0.01567050749898269,-2.7755575615628914e-16,-0.04530223585874771
032. Multi-Tier Bull Trap & Greed Sizer,0.1658798973013198,0.17902113707583836,0.9265939207561197,-0.249305780633141,0.6653672324807252,-0.2009766662748405,-0.17258010792060058,-0.18404169056664668,-0.025639766911659922,0.003031855456281568,-0.055381742768551345
033. Bear Trap Whipsaw Ignorer,0.19174114600233594,0.1952851924895194,0.9818519446251734,-0.2523376360894237,0.7598594841967469,-0.20097666627484018,-0.17258010792060044,-0.18404169056664668,0.00022148178935621488,-1.1657341758564144e-15,-0.0001237188994975824
034. Hysteresis Sentiment Band,0.1602056411392203,0.18390364464374226,0.8711390220110663,-0.3009176163966494,0.5323903700209031,-0.3009176163966494,-0.17258010792060052,-0.22539840067545514,-0.03131402307375941,-0.04857998030722682,-0.11083664151360473
035. Liquidity Squeeze Inflation Rejector,0.17802687619849022,0.18719717017557605,0.9510126463531215,-0.3173836676863389,0.5609200923798922,-0.20097666627484076,-0.1725801079206007,-0.2181954604443234,-0.013492788014489498,-0.06504603159691635,-0.03096301717154948
036. Sentiment Momentum Concordance,0.16139221712548668,0.1772195394946835,0.9106908729459168,-0.2333417551368733,0.6916559662920914,-0.20097666627484,-0.1545900939020574,-0.1840416905666464,-0.030127447087493042,0.018995880952549254,-0.07128479057875425
037. Composite Growth Multiplier,0.13783808648740492,0.16459348345794306,0.8374455877083695,-0.29662564090775906,0.46468702457947014,-0.1989830622794561,-0.1050810613252542,-0.2273375494994317,-0.0536815777255748,-0.0442880048183365,-0.1445300758163015
038. Bullish Sentiment Divergence Scout,0.19172193544956673,0.19570871632399314,0.9796290070809808,-0.27749464718222855,0.6909031846068888,-0.19387410761395227,-0.17258010792060044,-0.2048225288165216,0.00020227123658700386,-0.025157011092805992,-0.0023466564436902537
039. Bearish Sentiment Exhaustion Warning,0.16756840217921654,0.17885129230209446,0.9369146849449642,-0.2523376360894235,0.6640642465233906,-0.20097666627483987,-0.13656405926838996,-0.18404169056664688,-0.023951262033763188,-9.43689570931383e-16,-0.04506097857970681
040. 5-Day Smoothed F&G Trigger,0.17090531458062963,0.18781123370442893,0.9099845158868118,-0.2788634129252419,0.612863884823952,-0.18600060189427292,-0.14680404062307453,-0.17151455400125615,-0.020614349632350093,-0.02652577683581936,-0.07199114763785919
041. VIX Spike Anti-Panic Gate,0.164289879888881,0.18815122284359387,0.8731799740969619,-0.3173836676863379,0.5176381037074801,-0.12651573911943478,-0.14680404062307426,-0.2181954604443221,-0.027229784324098727,-0.06504603159691535,-0.10879568942770912
042. Credit Spread Risk Gate,0.17583470608179996,0.18659797965507507,0.9423183809751267,-0.2523376360894231,0.6968231485670566,-0.20097666627483968,-0.17258010792060036,-0.1840416905666462,-0.01568495813117976,-5.551115123125783e-16,-0.03965728254954437
043. Safe Haven Inversion Detector,0.188326167938887,0.1926648378626814,0.9774807381983904,-0.24809283812014382,0.7590955440950148,-0.20097666627484007,-0.17258010792060052,-0.1840416905666466,-0.003193496274092711,0.004244797969278735,-0.004494925326280597
044. Channel x Sentiment Dual Gate,0.16567697738423304,0.1778756025090021,0.9314204705271387,-0.25233763608942256,0.6565686353878697,-0.20097666627483995,-0.14558083084462073,-0.18404169056664607,-0.025842686828746686,0.0,-0.050555192997532306
045. 200MA Neutral Buffer Sentiment Decider,0.1827586265786023,0.18433331955284923,0.9914573611647272,-0.2682520311417705,0.6812944744564297,-0.2682520311417705,-0.1725801079206004,-0.18404169056664602,-0.008761037634377411,-0.01591439505234793,0.00948169764005613
046. Bull Market Deep Dip Semiconductor Alpha,0.18857621200248165,0.1942241323014369,0.9709206048083168,-0.24930578063314102,0.7564052928238183,-0.20097666627484115,-0.17258010792060038,-0.18404169056664624,-0.0029434522104980765,0.0030318554562815403,-0.01105505871635426
047. Capitulation Bounce Harvester,0.17893349830451366,0.19763828430534974,0.9053584882778211,-0.2934851328554025,0.6096850513810271,-0.2531152277761024,-0.211170235697565,-0.22894784542908184,-0.012586165908466063,-0.04114749676597995,-0.07661717524684997
048. Put/Call Extreme Contrarian Swing,0.16923544901490195,0.19379942351321572,0.8732505285463933,-0.2523376360894233,0.6706706603010594,-0.216927589043576,-0.17258010792060063,-0.18404169056664613,-0.022284215198077773,-7.216449660063518e-16,-0.10872513497827774
049. Graded Staged Capitulation DCA,0.1898700834310636,0.19528898743746806,0.9722518710475694,-0.2612068386189861,0.7268955301282173,-0.1856028178897765,-0.21117023569756516,-0.15385580447119457,-0.0016495807819161268,-0.008869202529563525,-0.009723792477101645
050. Post-Panic Momentum Launcher,0.19151966421297972,0.1950350414240872,0.981975663524671,-0.25233763608942256,0.7589817641990972,-0.20097666627484018,-0.17258010792060102,-0.18404169056664657,0.0,0.0,0.0
051. Stagflation Rebound XLE Overdrive,0.19346034453364158,0.19553123596302477,0.9894088971555686,-0.23216957511859723,0.8332717343985225,-0.20097666627484,-0.17258010792060044,-0.13656336595742577,0.0019406803206618584,0.020168060970825324,0.00743323363089754
052. Small-Cap (IWM) Springboard,0.17166962546811892,0.19429921891110957,0.8835322469652155,-0.25233763608942317,0.6803171660341734,-0.21908567881288687,-0.17258010792060033,-0.18404169056664643,-0.0198500387448608,-6.106226635438361e-16,-0.09844341655945554
053. Contrarian Linear Mean-Reversion Sizer,0.1769528646030185,0.18341735706570886,0.9647552850716606,-0.23867325288188085,0.7414021574113807,-0.20097666627483968,-0.1725801079206003,-0.18404169056664674,-0.014566799609961212,0.013664383207541708,-0.017220378453010388
054. Oversold Growth QQQ Accelerator,0.19062786135642185,0.19494169567421143,0.9778711562815227,-0.2523376360894219,0.75544759914002,-0.20097666627484015,-0.17258010792060055,-0.18404169056664565,-0.0008918028565578773,6.661338147750939e-16,-0.00410450724314837
055. Panic Climax V-Bottom Trigger,0.17546799697709203,0.1984142084278123,0.8843519744249131,-0.29492059502569995,0.5949669163043748,-0.24725789622508082,-0.23858303708286271,-0.23051443128690788,-0.01605166723588769,-0.04258295893627739,-0.09762368909975794
056. Financials Oversold Bounce in Reflation,0.17906590873074313,0.1944772381419224,0.9207550993708958,-0.252337636089423,0.7096282247301628,-0.21599873613852635,-0.17258010792060083,-0.18404169056664632,-0.012453755482236595,-4.440892098500626e-16,-0.06122056415377519
057. High-Conviction Dip & Greed Cap,0.18951516667798796,0.19402446802454715,0.976759109856244,-0.2493057806331408,0.7601715700161157,-0.20097666627484082,-0.1725801079206004,-0.18404169056664654,-0.002004497534991767,0.0030318554562817623,-0.005216553668426993
058. VIX Backwardation Resolution Engine,0.18984892511056417,0.1927069462340207,0.9851690809319048,-0.2708001550876552,0.7010665302208267,-0.1514359114104471,-0.14680404062307426,-0.20419068631237952,-0.0016707391024155527,-0.018462518998232647,0.0031934174072337784
059. Bear Market Rally Fade (Cash Lock),0.18489934844224165,0.1939898806538788,0.9531391422016663,-0.29483652455999154,0.6271249761819094,-0.21352941891266494,-0.17258010792060044,-0.19237208351098278,-0.006620315770738072,-0.042498888470568985,-0.028836521323004738
060. Dual-State Capitulation & Euphoria Swing,0.1635728971576771,0.1921600956694719,0.8512323882219195,-0.2789310519995682,0.5864277067220551,-0.2514401912754121,-0.19356242755719802,-0.18710435319999758,-0.027946767055302635,-0.026593415910145635,-0.13074327530275154
061. IYR Real Estate Stagflation Alpha,0.1886578875477376,0.19643481206878757,0.960409642063207,-0.3215812680377465,0.586656955173127,-0.3215812680377465,-0.1725801079206004,-0.18404169056664657,-0.0028617766652421217,-0.06924363194832395,-0.021566021461464024
062. Gold GLD Safe Haven Pair,0.1766096915411941,0.19181631585146708,0.9207229883298967,-0.3209747374404755,0.5502292577587862,-0.15095440424227333,-0.14680404062307437,-0.22230833396161734,-0.01490997267178562,-0.06863710135105294,-0.061252675194774286
063. Commodity DBC Reflation Surge,0.16910308735793378,0.18945104841614216,0.8925951520019425,-0.28024509232743255,0.6034114137504939,-0.20097666627483896,-0.17258010792060044,-0.18404169056664518,-0.022416576855045944,-0.027907456238009998,-0.08938051152272852
064. Long Duration Deflation Flight,0.19533028457072366,0.19376720006744305,1.0080668167921947,-0.25233763608942394,0.7740830404763802,-0.12651573911943478,-0.14680404062307428,-0.18404169056664693,0.0038106203577439324,-1.3877787807814457e-15,0.026091153267523648
065. TIPS Real Yield Shield,0.16119217036824995,0.18022440553742844,0.8943970151410713,-0.3120010969105694,0.5166397553225698,-0.14251416961605584,-0.17258010792060033,-0.18032448853991642,-0.03032749384472977,-0.05966346082114682,-0.08757864838359974
066. Gold & Short Treasury Crisis Duo,0.17316712262320588,0.1916661163316367,0.9034832339565836,-0.33333566758463784,0.5194977299548561,-0.19085719990083927,-0.14680404062307423,-0.23646538066907347,-0.01835254158977384,-0.08099803149521528,-0.07849242956808744
067. Semiconductor & Tech Dual Engine,0.1838641712095459,0.2018261869352381,0.9110025512623104,-0.24871758986301826,0.7392487652795666,-0.20097666627484023,-0.1725801079206007,-0.18404169056664627,-0.007655493003433822,0.0036200462264043,-0.07097311226236058
068. Materials (XLB) Reflation Partner,0.17117215460414203,0.18642158772972017,0.9181992101274921,-0.2523376360894225,0.6783457167026906,-0.20097666627484015,-0.1725801079206007,-0.18404169056664593,-0.02034750960883769,5.551115123125783e-17,-0.06377645339717897
069. Small-Cap (IWM) Growth Boost,0.1779463768567704,0.19297702797998098,0.9221117079035447,-0.25233763608942333,0.70519158225652,-0.20097666627483987,-0.17258010792060013,-0.184041690566646,-0.01357328735620933,-7.771561172376096e-16,-0.05986395562112634
070. Broad Nasdaq (QQQ) Bull Runner,0.1774816244401567,0.1936358369216375,0.9165742626039918,-0.2523376360894234,0.7033497943099569,-0.20097666627483968,-0.17258010792060036,-0.18404169056664663,-0.01403803977282303,-8.326672684688674e-16,-0.06540140092067925
071. Defensive Low-Vol Consumer/Health Duo,0.19406886598960438,0.19674840927514428,0.9863808642956159,-0.2511193140761289,0.7728153714643023,-0.2428314790084081,-0.17258010792060083,-0.1827120797445726,0.0025492017766246544,0.0012183220132936379,0.0044052007709448615
072. Multi-Commodity Trio in Reflation,0.191659770402832,0.19311564515444501,0.9924611247812228,-0.2567776141628547,0.7464037354957143,-0.20097666627484065,-0.17258010792060077,-0.18404169056664635,0.00014010618985227374,-0.00443997807343216,0.010485461256551809
073. Treasury Duration Barbell in Panic,0.18094303548074664,0.18875635146783476,0.9586063413160454,-0.2836292495032023,0.6379561903353826,-0.1289750198216886,-0.1468040406230743,-0.17953632482681992,-0.010576628732233084,-0.03129161341377973,-0.023369322208625642
074. Cyclical Industrial-Material Trio,0.16571763323389188,0.18425823840381722,0.899377062699948,-0.2453582785280824,0.6754108083413404,-0.20097666627483976,-0.17258010792060052,-0.18501909119996393,-0.025802030979087842,0.00697935756134016,-0.08259860082472303
075. Permanent Portfolio Parachute in Deep Panic,0.1777148731950604,0.19321763622750152,0.9197652795307588,-0.2950314327994703,0.6023591164804847,-0.2256198532737994,-0.16207887435121918,-0.19259531307524672,-0.013804791017919316,-0.04269379671004775,-0.06221038399391221
076. Sigmoid Continuous Beta Scaling,0.10665551655755223,0.1161582214799579,0.9181917147031622,-0.1989660133416833,0.5360489199449017,-0.07935371559785197,-0.05936525447350868,-0.1207277979463437,-0.08486414765542749,0.05337162274773927,-0.06378394882150884
077. Linear Slope Scaling (65 Norm),0.13419022580209417,0.15164307436064287,0.8849083703154044,-0.25672630030543897,0.5226976186017636,-0.11461292373958244,-0.08583796462606093,-0.15154437791659417,-0.05732943841088556,-0.0043886642160164135,-0.09706729320926666
078. Parabolic Euphoria Shaver,0.18983935635203864,0.19332932854502421,0.9819480457556505,-0.2467196175688002,0.769453836799581,-0.2009766662748403,-0.17258010792060066,-0.1840416905666462,-0.0016803078609410882,0.005618018520622353,-2.7617769020493732e-05
079. Square-Root Beta Modulation,0.1730342768210158,0.18180319647092866,0.9517669665873281,-0.252337636089423,0.6857252033529243,-0.2009766662748387,-0.1610985428675542,-0.18404169056664643,-0.018485387391963926,-4.440892098500626e-16,-0.03020869693734296
080. Piecewise 3-Phase Linear Sizer,0.19082757634742298,0.1940785746595338,0.9832490612742084,-0.2500550848606287,0.7631421550726836,-0.20097666627484,-0.17258010792060025,-0.1840416905666466,-0.0006920878655567453,0.0022825512287938388,0.001273397749537386
081. Inverted VIX Power Sizer,0.18198094211169225,0.19075467598391044,0.954005143900335,-0.2500126190552245,0.7278870274603821,-0.20097666627483995,-0.17258010792060027,-0.1840416905666468,-0.009538722101287478,0.0023250170341980736,-0.027970519624336054
082. Cubic Smooth S-Curve Sizer,0.1427361798550717,0.15708817004275336,0.9086373583461085,-0.25499833527246873,0.55975337918405,-0.12898698694271224,-0.09167300463591746,-0.14892681964254673,-0.048783484357908025,-0.002660699183046178,-0.07333830517856255
083. Exponential Sentiment Risk Budget,0.17627908469481057,0.17801164086675697,0.990267174868394,-0.24032902846782633,0.733490605852508,-0.20097666627483973,-0.16359034591218882,-0.18404169056664574,-0.01524057951816915,0.012008607621596223,0.008291511343722968
084. Dynamic Threshold (78/22) Sizer,0.17205429765424873,0.18679894546358614,0.9210667502819941,-0.314831945026876,0.5464956792728296,-0.1265157391194349,-0.14680404062307428,-0.21819546044432217,-0.01946536655873099,-0.06249430893745345,-0.06090891324267689
085. Asymmetric Dual Step Sizer,0.1729785729720137,0.18639979015653438,0.9279976808275918,-0.3101033338674822,0.5578094592363634,-0.11947819072898526,-0.1468040406230744,-0.2196832021245296,-0.018541091240966034,-0.05776569777805962,-0.05397798269707921
086. Rapid Greed Reversal 20d Delta,0.190769538688075,0.19490886313600206,0.978762769525577,-0.25233763608942256,0.7560090585158321,-0.20097666627484018,-0.17258010792060102,-0.18404169056664657,-0.0007501255249047212,0.0,-0.0032128939990940797
087. Rapid Fear Recovery Momentum Surge,0.19151966421297972,0.1950350414240872,0.981975663524671,-0.25233763608942256,0.7589817641990972,-0.20097666627484018,-0.17258010792060102,-0.18404169056664657,0.0,0.0,0.0
088. 5-day EMA Trend Confirmation,0.187262576443036,0.19301704355618854,0.9701867409886145,-0.2493057806331409,0.7511361187352376,-0.20097666627483932,-0.17258010792060038,-0.18404169056664604,-0.004257087769943713,0.0030318554562816513,-0.011788922536056567
089. Dual Momentum & Sentiment Confirmation,0.1734246727944806,0.1808169378067222,0.9591174084579217,-0.25233763608942295,0.687272320855945,-0.20097666627484062,-0.15459009390205664,-0.18404169056664577,-0.01809499141849913,-3.885780586188048e-16,-0.022858255066749322
090. Extreme Panic Exhaustion Rebound,0.19064970000575632,0.19577741545946267,0.973808442400405,-0.25233763608942394,0.7555341444912065,-0.23858103753675358,-0.17258010792060038,-0.18404169056664674,-0.000869964207223406,-1.3877787807814457e-15,-0.008167221124266044
091. Prolonged Greed Squeeze Shaver,0.18863338316366662,0.19268096734310267,0.9789933368342053,-0.2467196175687995,0.7645658055994062,-0.20097666627484093,-0.17258010792060036,-0.1840416905666455,-0.0028862810493130997,0.005618018520623047,-0.0029823266904657197
092. Sentiment Acceleration Multiplier,0.1899860933737676,0.1939348755848422,0.979638617349425,-0.25233763608942367,0.7529043083626262,-0.20097666627484018,-0.17258010792060074,-0.1840416905666464,-0.0015335708392121283,-1.1102230246251565e-15,-0.0023370461752459937
093. Adaptive Multi-Week Wave Filter,0.17482185681786078,0.18656585415038698,0.9370517322904136,-0.29009027109200436,0.6026463974809231,-0.12651573911943492,-0.14680404062307428,-0.19021992104255628,-0.016697807395118947,-0.0377526350025818,-0.04492393123425742
094. Pension Master Strategy Meta-Governor,0.17811320496317662,0.18660556610179635,0.9544903117520781,-0.2865150543468588,0.6216539140297686,-0.12659370402476827,-0.14680404062307434,-0.18376867025150764,-0.013406459249803104,-0.034177418257436254,-0.027485351772592925
095. Triple-Asset Hybrid Risk Budget (GLD/SHY),0.18965603456172397,0.19400362920565323,0.9775901375570629,-0.2523376360894234,0.7515963036703478,-0.20097666627484018,-0.17258010792060052,-0.1840416905666467,-0.0018636296512557493,-8.326672684688674e-16,-0.004385525967608106
096. Canary Asset x F&G Dual Defense,0.16831375441011054,0.1843103075745594,0.913208580817013,-0.2788634129252418,0.6035705890726956,-0.12166354919912378,-0.1468040406230743,-0.16618000978569067,-0.023205909802869185,-0.026525776835819248,-0.06876708270765808
097. Volatility Target Sentiment Parity,0.15865402141848484,0.16814096761973227,0.9435774259209504,-0.24597452440894793,0.6450018423644258,-0.2009766662748399,-0.15211139954003422,-0.18404169056664602,-0.03286564279449489,0.006363111680474626,-0.03839823760372063
098. Optimized 78/24 Adaptive Allocator,0.16953468441840758,0.18543280650692834,0.9142647820091815,-0.3110752823015781,0.5449956781009968,-0.12644234485296116,-0.14680404062307434,-0.2193470649922417,-0.021984979794572146,-0.05873764621215555,-0.06771088151548954
099. Golden Balance 77/22 Overlay,0.17325169373234273,0.18672103289314418,0.9278638354121058,-0.30598090876201467,0.5662173317718138,-0.1265157391194347,-0.1468040406230745,-0.20380666103295603,-0.018267970480636997,-0.05364327267259211,-0.05411182811256521
100. Grand Master Ensemble Engine,0.17127380725799068,0.18504043248225982,0.9256020695607217,-0.29196525572373305,0.586623935212536,-0.1264423448529611,-0.14680404062307437,-0.19743868245850885,-0.02024585695498904,-0.039627619634310496,-0.056373593963949364
