Model_ID,P1,P2,P3,P4,Name,CAGR,Total_Mult,Vol,Sharpe,MDD,Calmar,2008_MDD,2022_MDD,2022_Ret,Win_Rate,P1_Months,Avg_Turnover,p_value
M00,0,0,0,0,Baseline (Model C-1 Ultra),0.2603598784248997,199.98923280895207,0.24132246543465338,1.0085814602877037,-0.25736437769792564,1.011639142735169,-0.25736437769792564,-0.21970538319672628,0.5229710453656948,0.6811594202898551,0,0.759844417966482,1.0
M01,0,0,0,1,P4(볼록성),0.24541148522213185,152.18157057362433,0.22546649544453032,1.0100552397552522,-0.24473334760072507,1.0027709244696523,-0.2074568126078863,-0.18552644609049151,0.4040310419982358,0.6811594202898551,0,0.6983374278884044,0.02190489982168937
M02,0,0,1,0,P3(채권방어),0.2608474614676708,201.7682347731713,0.24122678371434253,1.0104908943953617,-0.25736437769792564,1.0135336669390715,-0.25736437769792564,-0.2041939303379552,0.5761369110912864,0.677536231884058,0,0.7634343528503122,0.8039194967704467
M03,0,0,1,1,P3(채권방어) + P4(볼록성),0.24605274643366615,153.98587401801754,0.22537098551523854,1.0126740701493482,-0.24473334760072507,1.0053911689840227,-0.2074568126078863,-0.15709373771040447,0.4530447944793399,0.677536231884058,0,0.7019028440609876,0.030013407266573353
M04,0,1,0,0,P2(원자재),0.25811507602619166,191.99053608783822,0.2532777451417468,0.9658641787911059,-0.2972056735010937,0.8684729096372441,-0.2972056735010937,-0.2794894883986184,0.8042227129846165,0.6811594202898551,0,0.7102867369106884,0.9019013121826938
M05,0,1,0,1,P2(원자재) + P4(볼록성),0.2413710555677917,141.26965408133532,0.23312940414876215,0.9705728811267458,-0.2534800684647329,0.9522289347234181,-0.2534800684647329,-0.24059665214087156,0.512024173433091,0.6811594202898551,0,0.6569490315358805,0.2910502951092553
M06,0,1,1,0,P2(원자재) + P3(채권방어),0.2586017906443143,193.69838573561412,0.2531866155185389,0.9676499490121407,-0.2972056735010937,0.8701105453269978,-0.2972056735010937,-0.2794894883986182,0.867206879879642,0.677536231884058,0,0.7138766717945185,0.8881474711160939
M07,0,1,1,1,P2(원자재) + P3(채권방어) + P4(볼록성),0.24201023636586738,142.94458306574788,0.2330370564499231,0.9730762186631081,-0.2534800684647329,0.9547505562534541,-0.2534800684647329,-0.24059665214087145,0.5648078914316765,0.677536231884058,0,0.6605144477084637,0.30753291782854075
M08,1,0,0,0,P1(서킷),0.25149816995586893,170.15421437050392,0.23335325784748442,1.0046243040271898,-0.24473334760072507,1.0276416043071517,-0.19199211865327426,-0.21970538319672606,0.5229710453656944,0.6811594202898551,15,0.7221681677371561,0.1991458416697139
M09,1,0,0,1,P1(서킷) + P4(볼록성),0.2366594380133742,129.48957521341816,0.22186628182710164,0.9909982462075845,-0.24473334760072496,0.967009360732796,-0.1881989736571702,-0.18552644609049151,0.4040310419982358,0.6811594202898551,15,0.6721020161095205,0.00835134991239562
M10,1,0,1,0,P1(서킷) + P3(채권방어),0.25198232475655313,171.66781926479564,0.23325436267083627,1.0066112179353188,-0.24473334760072507,1.029619899482005,-0.19199211865327426,-0.2041939303379552,0.5761369110912855,0.677536231884058,15,0.7257581026209862,0.2240008802346967
M11,1,0,1,1,P1(서킷) + P3(채권방어) + P4(볼록성),0.23729619280396785,131.02483658370016,0.22176929088301603,0.9936580190527013,-0.24473334760072496,0.9696111916513699,-0.1881989736571702,-0.15709373771040458,0.45304479447933943,0.677536231884058,15,0.6756674322821037,0.010733961096392193
M12,1,1,0,0,P1(서킷) + P2(원자재),0.2492691509732854,163.34878821104047,0.24569679466282288,0.9591939988879751,-0.2966834801289916,0.8401854759992317,-0.2353405388546035,-0.2794894883986182,0.8042227129846153,0.6811594202898551,15,0.6726104866813624,0.7327346021480344
M13,1,1,0,1,P1(서킷) + P2(원자재) + P4(볼록성),0.23264740221238944,120.20474902832376,0.22964915435262886,0.9510357621213663,-0.24473334760072507,0.9506158620930831,-0.2353405388546036,-0.24059665214087145,0.5120241734330921,0.6811594202898551,15,0.6307136197569967,0.13596652302650222
M14,1,1,1,0,P1(서킷) + P2(원자재) + P3(채권방어),0.24975244345529668,164.80185551370792,0.24560290491199316,0.9610432146592209,-0.2966834801289919,0.8418144594593181,-0.2353405388546035,-0.2794894883986183,0.8672068798796402,0.677536231884058,15,0.6762004215651924,0.7457999456069639
M15,1,1,1,1,P1(서킷) + P2(원자재) + P3(채권방어) + P4(볼록성),0.23328209120949328,121.62992713554605,0.22955547372694318,0.953574729519657,-0.24473334760072507,0.9532092520145061,-0.2353405388546036,-0.24059665214087145,0.5648078914316768,0.677536231884058,15,0.6342790359295798,0.14523378335944676
