,IC,BAA,PENT
2008-02-29,0.0106644406910778,0.0439313730248767,0.0238083923491678
2008-03-31,0.0026184720591613,0.0008192042306363,-0.0193419881855269
2008-04-30,0.0392283207755985,0.0073801072161856,0.0077856634312085
2008-05-31,0.0313901477706335,0.025448109039948,0.0390725215466849
2008-06-30,-0.0017314357047795,0.0382891559064271,0.0746962644229976
2008-07-31,-0.0560956349719247,-0.0323446155759405,-0.0011286822537853
2008-08-31,-0.0013949422608898,-0.0142243789549525,0.000785142646507
2008-09-30,0.0031144630325667,-0.0446639208272567,0.0050829391275748
2008-10-31,-0.0236133145607149,-0.013814473822871,-0.0023253809691698
2008-11-30,0.0783638412630063,0.0734647020194063,-0.0005024938837421
2008-12-31,0.0515492007406592,0.0626500485108954,0.0003047488226475
2009-01-31,-0.027421206821327,-0.0650423441266121,0.0019660731163875
2009-02-28,-0.0048638494866894,-0.011216300750787,-4.3690724856326746e-05
2009-03-31,0.0256134265864635,0.0282043963795366,-6.564347856130581e-05
2009-04-30,-0.0266735471194694,-0.0306387310676726,0.000610691683073
2009-05-31,-0.0074281907421179,0.0031422077221652,0.0001089631430859
2009-06-30,0.0204815907114181,-0.028359977573619,-0.0001309922285255
2009-07-31,0.0718411095053155,0.1101459742125954,-0.0006314360060394
2009-08-31,0.0138477713085194,-0.0131357947117403,0.0006974855916224
2009-09-30,0.0452106214822236,0.1019540933488403,0.0002615837243946
2009-10-31,-0.0068770695969105,-0.034438309983944,-0.033529134790321
2009-11-30,0.0597514968472616,0.0785200926987699,0.0609567022874266
2009-12-31,0.0421041307933007,0.0327580865792065,0.0355790164663047
2010-01-31,-0.0436590236993919,-0.0227677673494862,-0.0505445378179003
2010-02-28,0.0275999140984457,-0.0039895398552243,0.0385935831569614
2010-03-31,0.0576896792247927,0.0706464828893784,0.0689833129366317
2010-04-30,0.0164799751402824,0.0224254374212793,0.0189358963516301
2010-05-31,-0.0988801400791846,-0.0739238392178143,-0.0766794084508506
2010-06-30,0.0230325143085046,0.0275501379013749,-0.0557582461121199
2010-07-31,0.0026126684606593,0.0048936363601783,0.0704326043550902
2010-08-31,0.0341977843409027,-0.0381728467904821,-0.0481324181158284
2010-09-30,0.0047369602975693,-0.0128483064815307,0.1106322587972403
2010-10-31,0.0474319375629879,0.0239735242936032,0.0507606170723393
2010-11-30,-0.0118755419062996,-0.0077143678356447,-0.0008805118236238
2010-12-31,0.049624040766679,0.0129172164801476,0.0572200353563119
2011-01-31,0.0205860585390287,0.0099652360989619,0.0257739824727953
2011-02-28,0.024582978762349,0.0198591131738614,0.0331683901855606
2011-03-31,0.0124019638277119,-0.0104556684251909,-0.0021835559994892
2011-04-30,0.0167189167574839,0.0252723231151286,0.0288461444580254
2011-05-31,-0.0374148970657932,-0.01811366008587,-0.0116999683490814
2011-06-30,-0.0285208707573387,-0.0202547666543088,-0.0185588843024113
2011-07-31,0.012048683232813,0.0166517059144433,-0.0017442023375324
2011-08-31,-0.0792827081612645,0.0102309054665292,-0.0528536496625353
2011-09-30,0.002801511879187,0.0006914603806975,-0.0571368070444003
2011-10-31,-0.0051585926489149,-0.0121305358437432,0.1065574509655942
2011-11-30,0.0065662737453422,-0.0092880113518856,-0.0154653885454234
2011-12-31,0.0062183865718286,0.0125431376241418,0.0021324063922083
2012-01-31,0.0586540730291045,0.0093674699461669,0.0652663619641582
2012-02-29,0.0573937519251019,0.0577162639006056,0.0537250474232418
2012-03-31,0.0369705073677126,0.0505302487775713,0.0413321631915371
2012-04-30,-0.0097586194199897,-0.0116947324185903,-0.0091985241650631
2012-05-31,-0.1017411358895923,0.035920638524022,-0.0652156369331591
2012-06-30,0.0248209326192518,-0.0112117640101527,0.0383848973622218
2012-07-31,0.0165054349907352,0.0039154240889884,0.0109045073075453
2012-08-31,0.040660953310643,-0.0109364541246076,0.0384117065522351
2012-09-30,0.0176872134225496,-0.0080539690838303,0.0171024641173198
2012-10-31,-0.0251823777777251,-0.0584761335088978,-0.0355073198950968
2012-11-30,-0.0108826378247367,0.0216417924499034,0.0093466310549581
2012-12-31,-0.0108248250078655,0.043811674931824,0.0021074331171977
2013-01-31,0.064599912642371,0.037284882551124,0.0389910664421133
2013-02-28,-0.0014119453739492,-0.0173987548299684,0.0080770378017369
2013-03-31,0.0225299629187514,0.0069757291896996,0.0341272753718271
2013-04-30,-0.0187331937514949,0.0070354525903018,0.0222795618824627
2013-05-31,0.0123210360164667,-0.0360094140417981,0.0297108491435422
2013-06-30,-0.0356999421007389,-0.0062173606675259,-0.0186614107861001
2013-07-31,0.0390587851810473,0.0,0.0573997171680011
2013-08-31,-0.0036557463310701,0.0,-0.0169836261227861
2013-09-30,0.0166931839401671,-0.0002180929264148,0.0399635816965935
2013-10-31,0.0423130135034128,0.0432711927201183,0.0479253430498829
2013-11-30,0.0207086685535888,0.035511937979358,0.0325792362919725
2013-12-31,0.0261980132754007,0.0292710083666307,0.0276059296211852
2014-01-31,-0.0185055410659599,-0.006,-0.0272395141253435
2014-02-28,0.0435909605917279,0.0011236894057273,0.0485066338398272
2014-03-31,0.0004916797780085,-0.0331721103833715,-0.0095708121765339
2014-04-30,0.002811840155982,-0.0031935591916308,0.0018563242770812
2014-05-31,0.0288962943264416,0.0448568126980715,0.0340232530851438
2014-06-30,0.0221489684476605,0.0312377802678947,0.0259255887783238
2014-07-31,-0.0380457582577573,0.0118200719608119,-0.0008168670061524
2014-08-31,0.0230427158691741,0.0183041262589693,0.044759643476222
2014-09-30,-0.0105929155247073,-0.0135204940207434,-0.0106891147196309
2014-10-31,0.0105370329917497,0.0125185051341856,0.0249898797679555
2014-11-30,0.0403685117507217,0.017206636691978,0.0365087318948982
2014-12-31,-0.0172394995395538,0.0111872081078618,-0.0124909912043825
2015-01-31,-0.0211506251361898,0.0595213661795201,-0.0252413429031839
2015-02-28,0.0619746207252307,-0.0335053772211525,0.0642415131827804
2015-03-31,-0.0314375429382527,-0.0294483340679729,-0.0196653500966995
2015-04-30,0.0231889118806862,-0.0233790829860959,0.0145098488721366
2015-05-31,0.0162929083467684,0.0163495182729207,0.0176731050028906
2015-06-30,-0.0364857210142988,-0.0284628020181286,-0.0225843226199171
2015-07-31,0.0175807720047114,0.0010413246526022,0.0340567544218795
2015-08-31,-0.043256853719676,-0.0071414951180992,-0.0646097257828991
2015-09-30,0.0064410977269808,0.0058065794100221,-0.00443626207422
2015-10-31,-0.003162617716325,-0.0052506832518034,0.1103728080969757
2015-11-30,-0.0058008505656943,5.196794421125084e-05,0.0033815546013165
2015-12-31,-0.0181914970165775,-0.0076463617112433,-0.0166143008381054
2016-01-31,0.0058079387999154,-0.0017752801712108,-0.0705278791427893
2016-02-29,0.0183377774822308,0.0120877764807227,-0.0030013157444777
2016-03-31,-0.0014549256419531,0.0023590772241726,0.0
2016-04-30,-0.0425117287199622,-0.0014478168197454,-0.0168959419602655
2016-05-31,0.0353539727202298,0.0001355096944117,0.0155255614575355
2016-06-30,-0.0028189449687403,0.0374582609363252,-0.0111359946139512
2016-07-31,0.0623110558396042,0.012085426907574,0.0539689453910146
2016-08-31,0.001943176455398,0.0027843190003236,0.0058241039997397
2016-09-30,0.017042556000284,0.0251846077277557,0.01114776155074
2016-10-31,-0.0093502741564363,-0.0082774582601472,-0.0159776529317282
2016-11-30,-0.0069567159390859,-0.0178213756539415,0.0205759985788311
2016-12-31,0.0172574282474238,0.0116985968631109,0.0157747820698543
2017-01-31,0.0356453203281605,-0.0032885716463241,0.0345739923423622
2017-02-28,0.0417270464749124,-0.0011055008017747,0.0415028154923882
2017-03-31,0.0184668997521832,0.0141472295379387,0.0107794158931544
2017-04-30,0.0188051900121315,-0.0131945858518893,0.0185807293686668
2017-05-31,0.0334830146565254,0.0327391601015971,0.0265298819319659
2017-06-30,-0.0260335368994197,-0.0231795328907759,-0.0084198712571582
2017-07-31,0.0402200408938959,0.0406135839111736,0.0305604377324903
2017-08-31,0.029067517177225,0.0173747863579862,0.0118122010753425
2017-09-30,0.0036096662228004,-0.0004459305785033,0.0085851005501651
2017-10-31,0.0546341867333421,0.0328050709186347,0.0347962745751131
2017-11-30,0.012350204178628,-0.0038893485881442,0.0251251527033182
2017-12-31,0.0067731153207364,-4.811596848619537e-06,0.009071304707755
2018-01-31,0.0631037830683076,0.0764816318099239,0.0719174119090315
2018-02-28,-0.0055457109846809,-0.0228252158773523,-0.0246607937136903
2018-03-31,0.0101552162214648,0.0064925255776608,0.0115379455984179
2018-04-30,-0.0054899150951676,0.0120501580596605,-0.0087646454223176
2018-05-31,0.019099626225715,0.0098760747038149,0.0044692616961132
2018-06-30,-0.0108751795408119,-0.005512336861135,-0.0277892955943113
2018-07-31,0.0058605458893543,-0.0114288340834511,-0.0258031127071598
2018-08-31,0.0486325133403757,0.0514597682146502,0.0075361186883109
2018-09-30,-0.0008119109976952,0.0024959800537487,0.0339471136915046
2018-10-31,-0.065839056414212,-0.0195760412552561,-0.0562049351228982
2018-11-30,-0.0014481197418807,-6.587362483145842e-05,-0.0011458200492864
2018-12-31,-0.0709299081143538,0.0018271679818369,0.0018272706232358
2019-01-31,0.003377413495073,0.0004347861352775,0.0017496917151396
2019-02-28,-0.004995512887187,-0.0051285106741411,-0.0167405315462058
2019-03-31,0.0337243469942021,0.0215865656149192,0.047357771395188
2019-04-30,0.0534887721577288,0.0486627384816069,-0.0213927037413755
2019-05-31,-0.0718319158207969,-0.0822514301948158,0.0333391098080639
2019-06-30,0.0132452968898,0.0119385296277467,0.0080457912479992
2019-07-31,0.0245748454491023,0.0172078536319109,0.0082898265751627
2019-08-31,-0.0050772635155562,0.0565786073460148,0.0739649881049764
2019-09-30,0.0100017290983174,-0.015494652476922,-0.0038145730395063
2019-10-31,0.0357574052739084,-0.0016235327111927,2.8964453949953395e-05
2019-11-30,0.0424426365605559,0.0344503502488915,0.0100667772641775
2019-12-31,0.0403799297145592,0.0388635828674512,0.0323938315067828
2020-01-31,0.0384826845200239,0.030384384116791,0.0150633774064985
2020-02-29,-0.0626453836230394,0.0293850755157503,-0.0698975250244783
2020-03-31,0.0262615887186477,0.0125652212541886,0.0276763102027353
2020-04-30,0.0095628500359068,0.0086892123106467,0.0423505463705022
2020-05-31,0.0053251860622491,-0.0025552165008706,-0.0191224044737462
2020-06-30,0.0563876231599738,0.0063092647341316,0.037190853268338
2020-07-31,0.0590772725035591,0.0670243609663032,0.0661442587534195
2020-08-31,0.1006330164737119,0.1094473238703575,0.0896113459092902
2020-09-30,-0.049610539339246,-0.0577860499899711,-0.0476407268667153
2020-10-31,-0.0430698425828774,-0.0304495993566586,-0.0277069784586125
2020-11-30,0.0913067468687356,0.0116174816504019,0.1105123606481108
2020-12-31,0.0540086894957261,0.0427300573300917,0.0430288337298407
2021-01-31,-0.0103649675387103,0.0026137637977421,-0.0037597861415668
2021-02-28,0.1785627915321197,0.014500736481271,0.0288371502185629
2021-03-31,0.0239283963896694,-0.0083487768629055,0.0155134841439092
2021-04-30,0.0092526105189119,0.0287926785191436,0.0385208557754024
2021-05-31,0.0561885862935709,0.0161252791612536,-0.0046819248941927
2021-06-30,0.0288133709678819,0.0139468803216653,0.040644106282462
2021-07-31,-0.0682269061593704,0.0224378044764363,0.009958980039133
2021-08-31,0.0249183632665166,-0.0131206553252499,-0.0164101531077718
2021-09-30,-0.0528830598676263,-0.0624905818540025,0.0521375382686941
2021-10-31,0.0837092853571443,0.0186456244230206,0.0579782654553342
2021-11-30,-0.0433599709915086,-0.0190663159975889,-0.0875877778202148
2021-12-31,0.0286206341613775,0.0167296951397062,0.0667351350025369
2022-01-31,0.1578968646112628,0.0062995563655807,0.078921954531784
2022-02-28,0.0660587440385207,0.0222338465779123,0.0646744757001538
2022-03-31,0.083651558720968,0.0244030133319137,0.0507026181303287
2022-04-30,-0.0215018948072813,0.0166448134593479,0.0173573768527075
2022-05-31,0.0281013647235912,0.0155206415389779,0.0066404275892182
2022-06-30,-0.0431843192785159,-0.0245408511334783,-0.0022253904203672
2022-07-31,0.0436973303880674,-0.006494056560772,-0.0254895265312885
2022-08-31,-0.0148340674170893,-0.0037143690927887,-0.0164226663591628
2022-09-30,-0.0129316374410376,-0.0221014861930023,-0.0703732326941799
2022-10-31,0.0095877950827436,-0.0003189444235165,0.0506064874061349
2022-11-30,0.0678117075960811,0.004997135477792,0.0147292927976074
2022-12-31,-0.0278055098061961,-0.024020415290259,-0.0271151879519239
2023-01-31,-0.0161420450202601,-0.003174372327716,0.0089249821007133
2023-02-28,-0.0067849584158298,-0.0365632925825745,-0.0505755022407883
2023-03-31,0.0029875260088032,-0.0020329484006337,0.0009793858101574
2023-04-30,0.0246032837665335,0.0231861123248604,0.0036308177064976
2023-05-31,-0.0864382531148575,-0.0093748918753737,-0.0163929836177779
2023-06-30,0.0441086447653193,0.0026256977354663,-0.0222137060611
2023-07-31,0.0321713530655094,0.0007472022985948,0.0228866423586269
2023-08-31,0.0114900271381617,0.0029614385304836,-0.0127776350593158
2023-09-30,0.0158491777973148,0.0039910514695267,-0.047605861131122
2023-10-31,-0.0413507057468726,-0.0051304334947006,0.0737241155709331
2023-11-30,0.0411458468887304,0.002703024585309,0.0253137256494702
2023-12-31,0.0317348310423748,0.0495347041360438,0.0128211823520285
2024-01-31,0.0217297775258902,0.0181920035622715,-0.0142281803983668
2024-02-29,0.0406400140801495,-0.0158149338287985,0.0014314238504482
2024-03-31,0.0923733431180808,0.0058652232036195,0.0834836946540866
2024-04-30,-0.0048391277286036,-0.049475235937004,0.0298949730701509
2024-05-31,-0.0010845793725139,-0.0039632423518765,0.0161892104291276
2024-06-30,0.061225828714958,0.0583132384605247,-0.0030346524250052
2024-07-31,-0.0223781439026077,-0.0167810464791199,0.0128452145829522
2024-08-31,0.0082114410674123,0.0110385907028733,0.0194477571731832
2024-09-30,0.0278047361048774,0.0262159306944149,0.0508885149125324
2024-10-31,-0.0087694387849752,-0.0086462715839411,-0.0074682415065577
2024-11-30,0.0582243557517732,0.0023905924878522,-0.0056894653609436
2024-12-31,-0.0409751961433115,-0.0151938417903649,-0.039078116283128
2025-01-31,0.0249990667187842,-0.0004791688774011,0.0662892925825533
2025-02-28,0.0345463365567053,-0.0328725822681159,0.0182162418763585
2025-03-31,0.0392833264059901,-0.0758618697308177,0.0944658588999827
2025-04-30,0.0009919217349223,-0.0305047185812018,0.0542443727723991
2025-05-31,-0.0154584599094353,-0.0102446646764681,-0.0178820320471015
2025-06-30,0.0787493806897341,-0.0026731073933232,0.0026016986918326
2025-07-31,0.0183298337978978,-0.0267939617912837,-0.0061345510598063
2025-08-31,0.0361428092522988,0.0034825250840391,0.049874624687469
2025-09-30,0.0092094087511132,0.0645727857491655,0.1175841576862715
2025-10-31,-0.0078419570605415,0.0355805030668716,0.0240222623919339
2025-11-30,-0.0402852614818401,-0.0177215953740199,0.052115910582515
2025-12-31,0.0086780004507835,0.0215931145020842,0.0217335066764474
2026-01-31,0.1271733467502434,0.0802412407629016,0.1059978737244491
2026-02-28,0.0898973671259351,0.0588833200682117,0.057290591742183
2026-03-31,0.0763187721097553,-0.0925216101034402,-0.1117915900205779
2026-04-30,0.0110750939209547,0.0205213526153766,0.0278910097398215
2026-05-31,-0.0541346307776136,0.0656101934244877,-0.0338269516596166
2026-06-30,-0.0268258427493564,0.0024137385558149,-0.1062788416051503
2026-07-31,-0.0704156594090967,-0.0631487661593489,0.0565958464332034
2026-08-31,0.0640382260493219,0.016648000145347,0.0809659875432902
2026-09-30,-0.0393858250112296,0.0126800763811152,-0.0174127410279618
